,cat,concept,typicality
0,1,0,4.87435226758206
1,1,12,6.37455507181896
2,1,15,5.342845892356779
3,1,24,4.655668531580393
4,1,25,5.28888605838626
5,1,26,6.013500985445796
6,1,53,5.90325632300001
7,1,75,2.9757981934923756
8,1,87,5.91208449606644
9,1,105,7.784419620577442
10,1,107,5.787896672572345
11,1,111,5.535304310137316
12,1,115,4.243660066884402
13,1,128,7.419739392539958
14,1,134,5.785437630583491
15,1,146,4.229243429084865
16,1,151,5.436709740002695
17,1,212,5.0886161319279255
18,1,214,7.250107746867729
19,1,229,5.2472013839115474
20,1,241,6.614226864853113
21,1,245,6.881422305147479
22,1,274,5.823888952375272
23,1,284,8.252826632868224
24,1,286,4.382735668188888
25,1,287,4.98271433111015
26,1,315,6.3491661048343975
27,1,321,6.087185359572683
28,1,324,7.640913880005202
29,1,326,6.589300293879754
30,1,332,4.497113490924435
31,1,334,6.165457132125936
32,1,349,3.7932175625984454
33,1,371,4.997497814141473
34,1,372,5.092276652479457
35,1,373,4.053576795303634
36,1,406,2.48357285225475
37,1,423,6.961456642157314
38,1,426,7.95013683259003
39,1,427,6.918327044100209
40,1,428,5.247513850863838
41,1,434,3.8437845416729886
42,1,446,6.0676181660351745
43,1,471,6.318249467097039
44,1,476,7.745656068538952
45,1,495,7.968253424778131
46,1,502,6.173789788943392
47,1,504,6.752743133796747
48,1,514,4.663536173168338
49,1,525,7.287595808849898
50,1,526,5.889533473477037
51,1,537,6.666745485999689
52,1,541,2.630660097066231
53,1,545,4.2376613418687015
54,1,554,7.048363967821554
55,1,578,5.709909047299901
56,1,600,6.023858296669994
57,1,608,5.837947179387072
58,1,621,4.278567811851923
59,1,638,6.858783102915031
60,1,644,6.107265771472497
61,1,666,5.314985002825517
62,1,675,7.145276410092917
63,1,684,7.046600969495446
64,1,688,5.714946913072149
65,1,693,6.407081095585612
66,1,694,5.465333433033796
67,1,695,7.206564918591371
68,1,706,4.617434910010451
69,1,718,5.729043285736842
70,1,722,6.34538405777843
71,1,743,6.886564904795499
72,1,760,6.40750102835721
73,1,774,5.557012195255192
74,1,781,6.597396130144212
75,1,798,8.031833271633733
76,1,811,5.909551691273528
77,1,815,5.6568453080115235
78,1,825,5.161667000778449
79,1,845,4.718998427255888
80,1,862,6.739367892660773
81,1,875,7.482517751273491
82,1,884,5.999626778096041
83,1,888,4.430304670177617
84,1,889,7.138938089157688
85,1,909,3.0883767613312587
86,1,917,6.603280978461809
87,1,929,4.164908775831381
88,1,933,7.809899411682451
89,1,937,6.107954330970123
90,1,938,5.696515440535246
91,1,939,4.5900666844971685
92,1,955,3.1713809567707507
93,1,964,4.824405582262671
94,1,992,5.2286868301781135
95,1,1014,4.814832644462832
96,1,1016,5.065638214909362
97,1,1017,7.905834219446987
98,1,1018,6.1130550040552
99,1,1020,3.59593591882071
100,1,1023,3.849785677179667
101,1,1026,6.809469732515377
102,1,1042,3.714175066200222
103,1,1070,5.337465869565655
104,1,1080,5.929153768861891
105,1,1084,5.951276346120743
106,1,1085,5.513658869051156
107,1,1091,6.7442551311402665
108,1,1092,3.8801591103930817
109,1,1105,6.996809071737167
110,1,1106,6.460926054259285
111,1,1121,5.724765725782713
112,1,1130,5.595763968304245
113,1,1140,5.127334420902398
114,1,1145,6.026079593173142
115,1,1160,4.598164007786996
116,1,1170,7.918138066522723
117,1,1171,6.347356326247126
118,1,1173,6.64751421106948
119,1,1198,4.380049412909187
120,1,1211,7.1897913130062365
121,1,1220,7.470485682283934
122,1,1221,7.109653142969572
123,1,1226,5.408808755718448
124,1,1228,6.297873977149119
125,1,1238,3.268496003138158
126,1,1248,3.809212922925119
127,1,1249,5.5370065976247025
128,1,1258,7.884344597462948
129,1,1265,7.994709604712614
130,1,1266,7.323437405090424
131,1,1282,5.523274113754331
132,1,1285,6.36612276206858
133,1,1288,5.632436535528919
134,1,1301,5.785522585957065
135,1,1306,5.9224572532219195
136,1,1330,6.745473158171836
137,1,1359,3.9158551987983734
138,1,1373,3.5896825553508025
139,1,1384,4.794744310853125
140,1,1393,4.063518497891027
141,1,1395,5.846242592589341
142,1,1396,4.6312086047266074
143,1,1397,6.225851921361378
144,1,1409,6.316246002758347
145,1,1414,7.333595828623787
146,1,1438,4.096536146460315
147,1,1459,6.65320826465184
148,1,1471,5.314140867591323
149,1,1472,4.276527785116562
150,1,1476,4.783866940869861
151,1,1477,6.998768764420992
152,1,1513,5.354437257750041
153,1,1528,4.314001874239965
154,1,1529,7.782015203144105
155,1,1541,4.486621590615776
156,1,1556,4.741233921584149
157,1,1591,5.900168879478757
158,1,1603,4.328678187089471
159,1,1614,4.31799768908138
160,1,1626,4.555797146286346
161,1,1656,3.3184012405519616
162,1,1659,7.742058562036571
163,1,1664,5.6665123438692095
164,1,1690,4.913798175380044
165,1,1733,6.591107403694917
166,1,1736,6.939475492602286
167,1,1768,5.026537618279826
168,1,1779,6.086036570025996
169,1,1781,4.871964770805263
170,1,1785,4.147168392910469
171,1,1797,5.484016634358198
172,1,1804,6.377924651205993
173,1,1831,7.421729672644025
174,1,1836,4.782297675514594
175,1,1845,4.451411833950333
176,1,1851,7.177455269437241
177,2,128,7.826809122611493
178,2,274,6.981250153361665
179,2,321,6.062167899758887
180,2,372,5.999606339472523
181,2,446,7.193075003516127
182,2,525,7.536155949914939
183,2,526,5.976934101571381
184,2,537,7.548796406161616
185,2,608,6.399726513040537
186,2,693,6.737000594244585
187,2,760,7.501840681040985
188,2,811,6.879354793412087
189,2,1084,5.988587626330292
190,2,1091,7.408787356364795
191,2,1121,7.381616615451185
192,2,1130,6.231562954998952
193,2,1140,6.236256144025125
194,2,1145,5.9676654261088595
195,2,1160,6.002980661164003
196,2,1171,7.970333669402593
197,2,1248,4.7958781516394495
198,2,1330,6.972468551135529
199,2,1395,7.232568323396944
200,2,1591,6.491448541647391
201,2,1690,5.409664886542559
202,2,1733,6.760664894155303
203,2,1768,6.064600728789293
204,3,22,7.1467579296297705
205,3,36,8.347514608859536
206,3,106,3.819968013471684
207,3,161,5.528857089876488
208,3,242,6.363410038423946
209,3,319,6.916152463798745
210,3,330,6.37023963179892
211,3,538,7.517013574033357
212,3,552,7.239888150169976
213,3,564,7.7358527878541015
214,3,569,7.453899248035638
215,3,588,7.6207659221472355
216,3,628,8.162059196607224
217,3,733,5.95595647018818
218,3,744,8.289562691550678
219,3,780,6.54546348854538
220,3,877,7.7530126348136195
221,3,911,8.34583293784359
222,3,1031,7.396058724871053
223,3,1043,3.4477976040124836
224,3,1052,5.486191935051687
225,3,1053,7.076569917902118
226,3,1063,7.722627489569975
227,3,1431,7.1356009754493686
228,3,1450,5.106274319004753
229,3,1456,5.756949234766141
230,3,1458,6.093775498123491
231,3,1560,6.742280545492463
232,3,1653,7.339951597249638
233,3,1668,7.243189048119079
234,3,1675,6.483634970697218
235,3,1678,5.448969471610009
236,3,1685,5.733149420599558
237,3,1842,6.728110206572873
238,4,33,4.661020819102392
239,4,37,2.706567345815368
240,4,67,5.412037798879196
241,4,90,5.705459525547557
242,4,104,4.980427268074144
243,4,118,6.543368457211112
244,4,124,6.144768839606863
245,4,137,6.5652717869945425
246,4,144,8.17385212815412
247,4,150,3.271414648879123
248,4,157,3.7397229137948274
249,4,163,3.5114221481395416
250,4,169,5.97929204943527
251,4,174,4.191013102167844
252,4,178,3.575281337371306
253,4,180,5.016364955217404
254,4,182,7.099011149914936
255,4,185,6.6648888997036595
256,4,187,3.8911818037823545
257,4,218,3.318985169960273
258,4,266,3.3756449109248714
259,4,273,6.678147947755982
260,4,306,3.8610269244190163
261,4,358,4.1870337194325975
262,4,361,7.9206556008828235
263,4,369,7.344313962061852
264,4,418,4.75833415529207
265,4,419,4.798823113262943
266,4,425,5.152386841906802
267,4,448,2.4458670242505884
268,4,459,3.879936674451478
269,4,485,3.7431452101807774
270,4,518,8.01873541569474
271,4,565,2.525078911812856
272,4,604,4.194211941796757
273,4,614,5.872863825219274
274,4,650,5.438607510418294
275,4,659,3.552737138394442
276,4,680,5.584714864411557
277,4,757,6.608590044498106
278,4,762,5.066104691286643
279,4,763,3.168322939373631
280,4,768,5.020783468139625
281,4,792,7.339741145579336
282,4,836,8.073245749904101
283,4,842,8.607675290506549
284,4,846,6.6334301505103355
285,4,859,5.711934950189123
286,4,872,3.8811226509591092
287,4,873,4.836601979549916
288,4,885,4.644086254228748
289,4,912,7.136615905061629
290,4,918,4.383176773933341
291,4,924,2.8216918346808284
292,4,932,6.250240589208681
293,4,944,3.409382456628226
294,4,1008,5.5455040327408
295,4,1010,4.176431542056611
296,4,1034,3.642883622838152
297,4,1058,5.6674513015637995
298,4,1087,7.347336327783365
299,4,1090,6.052619529873052
300,4,1099,7.146517405690041
301,4,1107,7.3888593248092365
302,4,1108,8.398624556758309
303,4,1109,6.3535746701450595
304,4,1110,5.94464331756302
305,4,1216,7.575276635846437
306,4,1279,6.130048529941784
307,4,1317,6.458279508538917
308,4,1352,5.7213490459685605
309,4,1377,6.047681040369227
310,4,1411,5.271728001064004
311,4,1422,8.559333468765086
312,4,1423,6.531303789919373
313,4,1430,7.963907622714692
314,4,1453,3.9536627874171275
315,4,1457,7.846313661658568
316,4,1468,5.317878134594556
317,4,1485,3.056571313186524
318,4,1486,5.028620059370255
319,4,1489,7.819740008938768
320,4,1495,4.135942829537075
321,4,1502,2.442122280536878
322,4,1554,4.021355094337631
323,4,1559,5.732801769671857
324,4,1565,2.856894245934756
325,4,1580,7.435366938493924
326,4,1589,4.956265134744407
327,4,1592,7.8959194361803595
328,4,1593,7.077276721200296
329,4,1597,6.98442576906036
330,4,1606,8.238652460232837
331,4,1655,3.0109260544894827
332,4,1658,6.460671195857175
333,4,1669,3.284854180253986
334,4,1682,4.462165958808512
335,4,1724,5.647684620913964
336,4,1730,3.6809155713155954
337,4,1737,6.626545255271411
338,4,1738,5.448434904397303
339,4,1744,7.314605693746429
340,4,1745,7.91255244035725
341,4,1747,6.985810747176827
342,4,1755,3.9756984865051783
343,4,1759,6.022656278559062
344,4,1766,4.171100074107927
345,4,1803,3.705186525294433
346,5,67,6.267741750803869
347,5,118,8.17386378410153
348,5,119,6.487206063392537
349,5,150,4.180596569758235
350,5,157,4.172529110011607
351,5,163,4.285775468086321
352,5,174,6.160445467889792
353,5,180,6.028265669157377
354,5,188,7.101801997542536
355,5,202,5.404490925025426
356,5,210,6.308226156390921
357,5,230,6.563316094075636
358,5,417,4.54691801559902
359,5,458,6.3221014079425695
360,5,459,3.8037197881446714
361,5,540,7.613501006731096
362,5,565,2.7431331119224165
363,5,678,6.678957121740211
364,5,680,6.961496123965991
365,5,747,6.140509880815215
366,5,757,8.25112540061111
367,5,762,5.739824657120333
368,5,763,4.510176939133924
369,5,831,3.5018797782454847
370,5,896,4.445993446762219
371,5,1008,6.021178845982822
372,5,1034,4.171753822219503
373,5,1125,3.804743994062852
374,5,1259,7.739594075048916
375,5,1377,7.5804969658635715
376,5,1411,6.097006932097752
377,5,1495,4.427946402112797
378,5,1589,5.48867284400195
379,5,1658,7.850292932749322
380,5,1682,4.779442987010673
381,5,1766,5.247249343850596
382,5,1786,7.131575688327657
383,6,34,4.749430275365218
384,6,41,4.239961604159146
385,6,49,6.057885605128655
386,6,54,6.6434602994844765
387,6,61,4.281458255795681
388,6,69,3.271219374733437
389,6,76,7.016096301988275
390,6,82,7.814013005258209
391,6,91,3.872276824402897
392,6,101,4.4312059531121095
393,6,109,3.65214502318274
394,6,125,7.536530344960324
395,6,129,3.7763451106004866
396,6,130,4.462764219507099
397,6,170,7.000505815861738
398,6,177,7.06097826940389
399,6,181,8.193157667536543
400,6,195,5.359751741052869
401,6,200,5.777570596336421
402,6,209,7.0041452091747685
403,6,233,5.743174417429845
404,6,236,5.2132771721656805
405,6,250,6.845074130932626
406,6,259,7.1726509862072305
407,6,320,6.279198330178025
408,6,360,4.577703730725124
409,6,380,5.889261603887878
410,6,383,4.047624361868135
411,6,398,8.329743053410262
412,6,399,4.5266142067571495
413,6,404,4.0372338362346
414,6,433,6.914670533017101
415,6,460,6.63775688723305
416,6,497,3.5227123295787672
417,6,516,6.170214006243976
418,6,519,4.75864935802231
419,6,529,5.636199429104524
420,6,533,5.848158690899362
421,6,535,3.704396464006257
422,6,585,5.545818272523163
423,6,601,5.00890761026893
424,6,612,6.047016441722016
425,6,631,3.390146624905995
426,6,677,5.529159706169194
427,6,685,4.604404677577787
428,6,758,4.213912081118801
429,6,790,4.436160276424542
430,6,802,3.788591996085983
431,6,804,5.0201536697056595
432,6,830,3.6895392439601373
433,6,840,7.258920132467724
434,6,853,6.814753282460508
435,6,866,5.220110336088154
436,6,868,5.347410252484997
437,6,941,5.36785976658745
438,6,948,5.512607176414983
439,6,950,6.836433082235863
440,6,960,5.599360895202503
441,6,984,4.39024839038131
442,6,986,6.155739491473286
443,6,1012,2.43453028321581
444,6,1036,5.959533336821347
445,6,1059,3.7523146596452746
446,6,1073,4.554287084270956
447,6,1103,5.373514732136529
448,6,1113,6.028919957289755
449,6,1159,3.4319995103542946
450,6,1172,5.561532721605324
451,6,1175,5.677763914985355
452,6,1190,6.9763046430692315
453,6,1205,4.5309343978131595
454,6,1230,6.958606001807046
455,6,1259,6.050523211771916
456,6,1350,4.762993757906826
457,6,1353,3.6640721191926713
458,6,1358,2.7746510566676297
459,6,1408,4.789277382047217
460,6,1427,6.171536316434016
461,6,1428,4.983859647578518
462,6,1581,6.101138291415129
463,6,1596,3.7571027435151043
464,6,1604,4.107095723911526
465,6,1621,5.6362843215773175
466,6,1633,5.021313878298448
467,6,1634,5.273964456282755
468,6,1643,3.182638914942162
469,6,1644,3.8577761097029386
470,6,1645,4.404283197422827
471,6,1647,6.532746872772828
472,6,1677,6.291581956824925
473,6,1704,7.1753713497804075
474,6,1722,6.048951890519097
475,6,1729,7.59860671821649
476,6,1749,5.104261677340301
477,6,1753,6.41192572424019
478,6,1760,5.4076932218244895
479,6,1776,4.542624724390874
480,6,1787,7.622375461776376
481,6,1791,3.8061814584517224
482,6,1792,5.878162996669805
483,6,1807,4.295961063818557
484,6,1824,5.6466453600245625
485,6,1825,4.702230097041664
486,6,1826,5.423573262449961
487,6,1830,3.9413932579429116
488,7,57,4.954933063837576
489,7,65,7.073768515128921
490,7,132,7.494942710239398
491,7,204,8.070284323293317
492,7,237,8.258484992738177
493,7,238,5.305401777809737
494,7,270,6.235027626337553
495,7,312,3.496638217306523
496,7,314,7.70826107464817
497,7,338,7.765042571129676
498,7,400,7.898923441987732
499,7,439,5.944036056409199
500,7,440,5.45705918098576
501,7,461,7.8688770680157605
502,7,481,8.112809122906636
503,7,505,6.737710222212187
504,7,544,5.937819329314404
505,7,609,5.381492876990977
506,7,646,4.931906677017473
507,7,647,6.577609989777018
508,7,817,8.527483023766083
509,7,820,7.536587986520928
510,7,1002,6.129363237221807
511,7,1030,6.226492677522395
512,7,1035,5.4267495351755155
513,7,1119,5.9980366833350685
514,7,1124,7.038496396805084
515,7,1168,8.143634446840618
516,7,1225,6.038032198052073
517,7,1246,7.343934648550963
518,7,1429,5.802254077262439
519,7,1497,5.832929528318045
520,7,1498,5.216100756736704
521,7,1582,7.80769613813594
522,7,1663,5.622592902076236
523,7,1800,5.579672956821378
524,7,1810,5.727121095698892
525,8,113,7.56617117384063
526,8,304,6.19099213535093
527,8,374,6.578120340543005
528,8,377,8.025647472211526
529,8,521,7.904987205059713
530,8,549,4.951995273125127
531,8,560,6.387992818009113
532,8,801,6.662659882707001
533,8,854,7.8288264950971875
534,8,901,6.350004838571803
535,8,915,7.519762692868923
536,8,973,6.4502175145927225
537,8,1001,7.6237087620915105
538,8,1002,5.835713938594795
539,8,1254,6.405248502299124
540,8,1474,6.059827332382264
541,8,1490,8.076738736636425
542,8,1631,7.805834524038714
543,8,1823,7.325672919119687
544,9,4,5.966681949087717
545,9,20,6.159948285035129
546,9,138,5.804861199509896
547,9,145,4.294521399813682
548,9,244,6.657838704213661
549,9,248,7.0459406642368165
550,9,279,5.452323425813213
551,9,290,6.963534945967692
552,9,293,8.147264829010174
553,9,296,3.3428352580679457
554,9,299,3.2770384024476646
555,9,382,5.755956967954225
556,9,394,8.13122491513175
557,9,395,7.123030240103713
558,9,399,4.811342946650514
559,9,405,6.408831976182341
560,9,463,5.179402123173957
561,9,477,4.255357442637889
562,9,491,5.284903769712635
563,9,520,4.353011652978955
564,9,524,5.535688251936105
565,9,553,3.5068933466512053
566,9,571,6.05413517261485
567,9,627,4.8256216099914795
568,9,640,4.756304237812573
569,9,671,5.297030766820304
570,9,735,6.095437153941566
571,9,806,4.983156676169127
572,9,821,4.548017651020092
573,9,827,3.8611961385468305
574,9,832,4.712505014828401
575,9,837,3.1429178711450048
576,9,852,5.363175545660519
577,9,856,5.204443246485146
578,9,857,4.377892583775533
579,9,891,5.155011295039416
580,9,897,8.36338428144176
581,9,996,4.819664953745125
582,9,998,5.951419960961187
583,9,1000,7.1747696659287445
584,9,1009,5.700005992983619
585,9,1011,6.934817094042734
586,9,1027,6.407453600394088
587,9,1041,4.455546362423158
588,9,1178,4.146539377265346
589,9,1217,3.9538684298259357
590,9,1240,7.2387303326211585
591,9,1242,5.3538015177757785
592,9,1273,7.656219116828307
593,9,1296,5.467146921270958
594,9,1300,5.33782378288357
595,9,1302,6.8575384260361885
596,9,1336,7.003216859131752
597,9,1375,6.612346132813424
598,9,1388,6.063025510467476
599,9,1407,4.735587862138685
600,9,1437,5.310620801796143
601,9,1463,3.5238917542204757
602,9,1470,4.551107547851386
603,9,1473,5.7656215607793
604,9,1549,7.360204897627055
605,9,1610,7.851368719089768
606,9,1624,5.658753198416381
607,9,1641,8.174853643174169
608,9,1666,5.964125846807604
609,9,1667,4.9708208268168255
610,9,1706,4.691104572017986
611,9,1735,4.608456141029755
612,9,1750,5.405730937507096
613,9,1757,4.813214450286183
614,9,1771,4.252028933164062
615,9,1784,6.161978828079255
616,9,1791,3.9918551930632113
617,9,1799,7.39648964550423
618,10,13,5.922752022773545
619,10,29,6.612786999721766
620,10,30,7.848114522094454
621,10,32,6.319265519807783
622,10,39,5.318121650134897
623,10,40,4.768937015296642
624,10,42,6.345854258460876
625,10,43,6.554801464860037
626,10,51,7.81164295266464
627,10,55,7.157546722404137
628,10,57,4.253756629284231
629,10,63,7.756378604915012
630,10,65,5.249428092525532
631,10,81,4.537116203332926
632,10,96,4.227388129074127
633,10,102,6.914310233235061
634,10,114,5.41671455238217
635,10,117,6.453218646503572
636,10,121,6.349608571668076
637,10,132,6.23464043323389
638,10,133,6.544043492288457
639,10,135,6.423583992872814
640,10,149,6.296694702528099
641,10,156,4.857554096935703
642,10,158,6.686724443635484
643,10,194,8.383880308041125
644,10,196,6.727493475307438
645,10,197,7.290714641410595
646,10,201,7.116490538243619
647,10,204,6.822769971258
648,10,206,5.9500669510305535
649,10,211,5.138903643909218
650,10,220,6.43960910774886
651,10,225,7.11377357521313
652,10,228,6.366767180716656
653,10,232,6.340569818596091
654,10,237,7.35065720126126
655,10,238,4.7184087830127925
656,10,239,5.116225507362705
657,10,243,5.9500602874210085
658,10,255,6.276685800162573
659,10,256,6.49102702501637
660,10,257,4.382441973913997
661,10,263,5.900805175759574
662,10,270,4.883672211361498
663,10,277,7.4683079358631925
664,10,281,5.993573148626337
665,10,282,7.201462554726636
666,10,287,5.438673296768781
667,10,288,6.380819740126825
668,10,289,3.8729616339213218
669,10,291,6.601302320466116
670,10,297,7.73115244605467
671,10,312,7.615512188834678
672,10,313,8.206646023424508
673,10,314,6.68613533045685
674,10,316,6.377605201219724
675,10,323,8.235780422206545
676,10,325,5.695610910817769
677,10,327,6.814840860685415
678,10,335,7.631785952376857
679,10,337,4.328239980857853
680,10,338,7.202079523447514
681,10,347,4.663628576333658
682,10,348,4.402210400877739
683,10,349,5.15736335136606
684,10,365,4.00874505405278
685,10,375,5.583244889343006
686,10,378,3.9653292610703708
687,10,386,6.335020602711895
688,10,400,7.311917447439853
689,10,408,4.725466966669453
690,10,412,7.818870162970393
691,10,413,6.781254389798879
692,10,415,5.045393380718414
693,10,421,4.726898847570127
694,10,428,6.261846008437134
695,10,429,7.029303823098772
696,10,430,5.407841901540144
697,10,434,4.621772156295112
698,10,437,5.949402500941547
699,10,439,5.157024685989848
700,10,440,5.096157458158953
701,10,442,6.465522976315995
702,10,445,5.226628030264003
703,10,451,4.141504980226896
704,10,457,7.011023299506503
705,10,461,6.828906015691167
706,10,464,5.041533006301858
707,10,481,7.422437895833907
708,10,487,6.124200643702669
709,10,505,7.420359063142048
710,10,513,5.228422351739686
711,10,532,5.82698932171338
712,10,543,4.291238233288956
713,10,544,4.68765519295728
714,10,545,3.288808517863399
715,10,546,7.702894542796036
716,10,547,6.193519871703704
717,10,550,5.887601010973444
718,10,556,6.819460611792948
719,10,572,7.197053849596285
720,10,581,4.568403950860666
721,10,600,7.3794289325273645
722,10,609,4.069247773699686
723,10,618,5.642865283567852
724,10,626,4.8692254709459855
725,10,641,7.915213470831127
726,10,645,7.890045310826701
727,10,646,4.837428428469476
728,10,647,5.445306433138769
729,10,658,5.854212285580803
730,10,673,4.316075669176199
731,10,674,4.876497335863339
732,10,684,3.4518165779106793
733,10,693,3.6526944733321636
734,10,698,5.390574925353424
735,10,701,5.989146060802876
736,10,702,7.214298933957427
737,10,703,6.3616836721077075
738,10,711,6.148689488693813
739,10,712,7.131840715860867
740,10,717,5.483984312190715
741,10,719,6.372075381663578
742,10,724,3.9732722088979573
743,10,725,3.632631053039767
744,10,726,4.277384221441563
745,10,730,5.602586714792489
746,10,739,7.731635631830849
747,10,740,8.506205983245097
748,10,756,4.497772161256762
749,10,788,6.034927065798834
750,10,805,7.764487762545302
751,10,812,5.564398347123406
752,10,817,7.205914189594985
753,10,820,5.988825104168919
754,10,838,5.275626903079726
755,10,839,6.187957883290528
756,10,844,4.419786518155167
757,10,860,5.650953911939789
758,10,865,5.331672934468772
759,10,867,6.147494809169836
760,10,876,5.4210300041939234
761,10,889,5.820266301131861
762,10,890,6.1452648327704855
763,10,898,7.588091527901028
764,10,910,4.621095488550911
765,10,914,5.640777848299193
766,10,920,7.114438921373768
767,10,922,4.751512420047364
768,10,930,5.500623002245779
769,10,939,6.164186105463257
770,10,945,4.802101564097181
771,10,951,4.412656308841349
772,10,952,7.455181725716571
773,10,966,5.977786120076208
774,10,971,4.911864343866506
775,10,976,4.331112744122635
776,10,977,5.3477719121438145
777,10,979,7.566659041379007
778,10,987,8.250791332448095
779,10,989,7.109705774359895
780,10,990,7.4871600952403625
781,10,994,6.809379876998127
782,10,1004,4.393225325166244
783,10,1030,4.8831184304603115
784,10,1035,6.827936947565898
785,10,1037,3.694935646253673
786,10,1040,6.623400489114196
787,10,1042,4.725785664632397
788,10,1044,5.57641272073855
789,10,1045,6.673552545254452
790,10,1061,7.465294922484168
791,10,1066,6.655787463707162
792,10,1069,7.2637601472249225
793,10,1070,3.92499821266759
794,10,1074,5.498716463475047
795,10,1075,5.780233599445887
796,10,1076,6.880946949186497
797,10,1077,6.806293786245893
798,10,1078,7.471777962120396
799,10,1092,5.401780488732009
800,10,1104,7.3703367960064465
801,10,1111,4.976909830605673
802,10,1119,5.07190904088187
803,10,1122,4.301425821018304
804,10,1123,7.855618164620471
805,10,1124,6.386993341863808
806,10,1126,5.3010612648650275
807,10,1128,6.680224400200653
808,10,1129,6.610282993169743
809,10,1131,6.505060313681909
810,10,1132,7.780588109304157
811,10,1133,6.616833701269158
812,10,1135,5.76067960603129
813,10,1151,5.730625312085388
814,10,1152,4.147560442843998
815,10,1153,7.180687952964374
816,10,1156,5.3369802426052155
817,10,1167,6.748444736298772
818,10,1168,7.390901908148228
819,10,1169,5.568463862097782
820,10,1170,4.475072899034866
821,10,1182,6.69857291467445
822,10,1188,5.3613766088179995
823,10,1189,6.132021574490916
824,10,1192,8.419505426505728
825,10,1203,5.8649662758949646
826,10,1219,5.313221348401147
827,10,1223,7.095478128052484
828,10,1224,3.2842963088617756
829,10,1225,5.484851330298895
830,10,1231,8.101151149406117
831,10,1234,6.405868773651266
832,10,1239,7.111040154568004
833,10,1244,4.807128186002304
834,10,1246,6.300328295853455
835,10,1253,5.454987441189567
836,10,1261,6.505839615512686
837,10,1262,5.284515974158745
838,10,1265,3.333103256232968
839,10,1274,5.538595590789209
840,10,1280,6.125785166204811
841,10,1284,6.60609145959217
842,10,1289,6.326624004603589
843,10,1292,5.327843450194678
844,10,1307,4.753407900774229
845,10,1309,7.785093670938558
846,10,1323,6.988346144659888
847,10,1345,3.54080429494622
848,10,1348,7.633493974943922
849,10,1349,6.6302043589893085
850,10,1357,8.405480923555118
851,10,1359,4.798765376340579
852,10,1362,6.528312588944816
853,10,1364,5.083597463953241
854,10,1365,6.899822985303288
855,10,1372,4.893358464790994
856,10,1373,5.655509189968457
857,10,1380,5.65077743850159
858,10,1386,7.226208692316045
859,10,1394,7.362410685197389
860,10,1400,3.287374149545814
861,10,1429,6.079231182217367
862,10,1438,6.816195811723858
863,10,1475,6.803110572590183
864,10,1497,5.088751769253877
865,10,1498,5.157581184232936
866,10,1499,7.844576089547997
867,10,1500,4.9165929140264835
868,10,1503,8.094301793164396
869,10,1504,5.045179535541649
870,10,1505,6.704338175875366
871,10,1515,7.020320903843716
872,10,1521,5.805655570480951
873,10,1524,5.385938366278758
874,10,1526,6.23877068766122
875,10,1528,4.161665452001137
876,10,1540,3.842612558709352
877,10,1544,8.073302612756587
878,10,1551,6.82762389477556
879,10,1557,6.554655458760479
880,10,1570,7.077224094821128
881,10,1573,6.379889059275248
882,10,1575,6.3232869577081425
883,10,1579,4.100814368624391
884,10,1582,5.894705465044485
885,10,1588,6.629427357211424
886,10,1595,6.615549093021746
887,10,1603,4.412009599817664
888,10,1605,4.532424047369441
889,10,1613,7.546163643447699
890,10,1615,4.379991716487965
891,10,1618,5.755635346739158
892,10,1663,4.9494914434491495
893,10,1665,7.123539725947135
894,10,1672,7.5919824035414765
895,10,1673,6.300145955703473
896,10,1686,6.28371885826365
897,10,1687,6.83085072997816
898,10,1688,5.814347447254564
899,10,1733,7.1935987803751855
900,10,1754,8.047135975983213
901,10,1769,4.684559573037986
902,10,1770,6.833122865558745
903,10,1778,5.680242472600126
904,10,1793,7.118642690030564
905,10,1800,5.100433723833434
906,10,1805,6.283012991785059
907,10,1810,4.897734766804739
908,10,1837,5.379557160023978
909,10,1848,7.06471347798698
910,10,1850,4.520776554421668
911,10,1853,6.354120076179119
912,11,30,8.27747704212229
913,11,43,4.398133914053889
914,11,63,8.536057600241104
915,11,121,7.36465871791999
916,11,135,6.333872067034939
917,11,149,7.24086440354217
918,11,263,6.62454955311119
919,11,316,7.550019228248949
920,11,375,5.64638420339095
921,11,430,5.823279040336671
922,11,581,4.925023114577181
923,11,645,7.748172619515457
924,11,702,8.118942253745224
925,11,703,7.028208705092635
926,11,876,6.576983034656729
927,11,914,6.130239083243098
928,11,930,6.253316844475816
929,11,966,6.761912448956871
930,11,994,7.0761477964773665
931,11,1037,4.622945964997429
932,11,1078,7.9895509668257105
933,11,1111,5.546418097715312
934,11,1129,8.01194043224513
935,11,1133,7.7796033036921965
936,11,1182,7.420949939655904
937,11,1203,6.737751435846675
938,11,1219,5.870861298663671
939,11,1244,5.007874202293732
940,11,1280,5.147467068327954
941,11,1284,6.868800286853215
942,11,1540,4.4932413328231915
943,11,1570,7.922383445413887
944,11,1672,5.1457646973728695
945,11,1793,7.464372283307966
946,12,5,4.451416518045785
947,12,85,5.0431711684948635
948,12,103,5.044316210084274
949,12,108,8.284807733720303
950,12,120,6.361883797999936
951,12,167,7.104319242984317
952,12,222,6.13401545518353
953,12,233,6.725627423684426
954,12,300,8.016292959688556
955,12,320,5.991664308955002
956,12,360,3.938434345489774
957,12,370,5.495378213751827
958,12,381,7.8521620434399555
959,12,420,4.07906115579289
960,12,422,8.411858988870303
961,12,424,4.854153625114289
962,12,441,5.849833745026967
963,12,480,7.704920566849623
964,12,519,7.690840180966827
965,12,585,5.730402124466328
966,12,633,5.241552236878373
967,12,742,4.085011234706323
968,12,777,5.447003519651868
969,12,908,3.743586303454829
970,12,947,7.143508411911371
971,12,985,7.125550127854766
972,12,1059,7.291871132416924
973,12,1086,6.587314426774221
974,12,1268,4.4319886505922295
975,12,1294,7.441629571335309
976,12,1321,6.796272624945831
977,12,1416,6.109779394294462
978,12,1492,6.833139546343741
979,12,1548,5.337684370611791
980,12,1561,6.6963636400860915
981,12,1608,8.303484434332994
982,12,1652,3.2745581105158292
983,12,1835,4.689662285690547
984,13,1,2.613022129962558
985,13,11,4.506366663555089
986,13,34,5.563991014546493
987,13,129,4.932305147802365
988,13,130,3.9601019208383925
989,13,131,5.370214235862956
990,13,164,4.387472485574637
991,13,252,5.530944670215706
992,13,253,7.003695315028732
993,13,254,6.9564821323634085
994,13,295,6.842125523829161
995,13,305,6.752493248016588
996,13,341,6.441670262381462
997,13,368,5.632764271353655
998,13,416,3.6622880370699598
999,13,453,3.2874367278454812
1000,13,456,5.265261538980382
1001,13,465,8.052145934612629
1002,13,498,5.070519807970918
1003,13,510,5.681297655667199
1004,13,582,6.326950475029123
1005,13,639,7.060562838944989
1006,13,679,4.659925991486471
1007,13,696,3.426055997905865
1008,13,807,3.7147153003031046
1009,13,891,8.250035559249046
1010,13,893,7.453406936992534
1011,13,1005,7.566067408651172
1012,13,1176,6.936016473544969
1013,13,1183,3.49157345907385
1014,13,1185,3.4432220068521553
1015,13,1193,6.151001377172454
1016,13,1229,7.219823667514094
1017,13,1235,5.173064557198576
1018,13,1340,8.183613631477865
1019,13,1376,3.3022356017260877
1020,13,1531,5.2872937679512955
1021,13,1543,5.377626707401138
1022,13,1625,5.775345897621728
1023,13,1644,4.256144266193548
1024,13,1753,7.613930900553088
1025,13,1777,7.409605153543043
1026,13,1798,4.053531554836934
1027,13,1817,5.6285107784614326
1028,13,1839,6.221367858777228
1029,14,24,7.794729467394705
1030,14,111,7.892209374729891
1031,14,115,7.223787389527309
1032,14,212,7.8865964354986815
1033,14,229,7.173511456794435
1034,14,286,6.591405466368553
1035,14,373,7.475066021711516
1036,14,514,6.781541383173594
1037,14,541,4.592768664154067
1038,14,621,8.110125127068043
1039,14,706,7.283897213160706
1040,14,888,7.411973698853289
1041,14,929,6.22855401266334
1042,14,1020,7.657121156057147
1043,14,1023,6.828663733971899
1044,14,1238,5.349200973205237
1045,14,1785,7.323729639415552
1046,15,138,7.210102338763662
1047,15,224,5.620261415069989
1048,15,382,7.658419446707336
1049,15,399,6.260592249709956
1050,15,491,7.800696855202382
1051,15,627,6.631457660040529
1052,15,640,7.497168219971537
1053,15,806,5.731963300346856
1054,15,821,6.004466759172692
1055,15,856,5.893500465208929
1056,15,1000,7.690339926171458
1057,15,1009,6.585434013851177
1058,15,1089,8.100842886670652
1059,15,1300,8.129316261791834
1060,15,1463,4.889169265761178
1061,15,1564,7.964896665225517
1062,15,1666,7.845491346626367
1063,15,1667,6.74571107053812
1064,15,1771,5.674756710981255
1065,15,1789,5.288944382249034
1066,16,171,7.266393503007355
1067,16,251,7.518652462704324
1068,16,354,6.041148864416811
1069,16,411,5.958151800469585
1070,16,548,6.654927513043632
1071,16,649,5.829360281184809
1072,16,708,7.041960291920402
1073,16,716,5.709352269869755
1074,16,822,4.125320488866877
1075,16,855,6.208656068644573
1076,16,868,5.7683422936485504
1077,16,879,8.112938138894707
1078,16,887,7.021648390704956
1079,16,986,7.984805251302094
1080,16,1067,4.857359542101477
1081,16,1138,6.828242962924334
1082,16,1149,5.989359524262008
1083,16,1328,6.734709244855013
1084,16,1381,6.072977028947131
1085,16,1443,6.063824239143582
1086,16,1451,5.434112812614692
1087,16,1508,7.947606020204716
1088,16,1519,7.654930496447991
1089,16,1566,7.267728033848434
1090,16,1661,6.316046900545815
1091,16,1674,6.662970464800851
1092,16,1811,7.335462658547514
1093,17,66,8.125508378104042
1094,17,109,5.848692646483852
1095,17,186,6.900227624842736
1096,17,258,6.198955294320776
1097,17,452,6.990797412135221
1098,17,477,6.730329699859819
1099,17,565,4.769468302442794
1100,17,566,5.596159893664808
1101,17,599,8.104483461508181
1102,17,664,7.390636952047538
1103,17,728,6.82654814135286
1104,17,770,6.34648555186535
1105,17,819,6.4674314874961665
1106,17,828,6.051807611208774
1107,17,1147,4.2483779963087684
1108,17,1175,5.418987694089905
1109,17,1195,6.076710302303402
1110,17,1374,7.545144004906446
1111,17,1466,6.90243449570823
1112,17,1550,7.863465210851111
1113,17,1572,7.097555988496204
1114,17,1590,6.415942282794015
1115,17,1604,7.70072246248478
1116,17,1739,5.486723141883891
1117,17,1760,5.704127534288549
1118,17,1773,6.607815278517291
1119,17,1808,7.064310354830937
1120,18,2,5.605201399882325
1121,18,56,4.951639827386476
1122,18,68,6.153647155708796
1123,18,86,4.743467107643248
1124,18,116,5.043463878547732
1125,18,162,5.127086435495745
1126,18,292,6.257258674238806
1127,18,328,4.098712336133918
1128,18,350,6.983051261852673
1129,18,468,5.898679444924301
1130,18,522,8.553867910920841
1131,18,620,7.525372079531004
1132,18,642,5.669181392870319
1133,18,692,4.405427128542352
1134,18,723,8.461276908539915
1135,18,753,6.142615739888129
1136,18,755,5.935242788276398
1137,18,797,6.4320033340798854
1138,18,864,4.0904131080620045
1139,18,870,7.596360146228389
1140,18,965,5.221340116286937
1141,18,1082,6.267899932041222
1142,18,1165,8.459182887825282
1143,18,1297,4.7875990741443974
1144,18,1368,7.308235274165882
1145,18,1619,5.984631256710828
1146,18,1710,4.471025956993536
1147,18,1716,6.4963012793336254
1148,18,1721,7.905721016245266
1149,18,1723,6.282164990993251
1150,18,1742,5.454920097142009
1151,18,1764,7.699124059787838
1152,18,1843,4.943110500022666
1153,19,126,6.755649310779504
1154,19,355,6.803677482694366
1155,19,558,7.5894753849330225
1156,19,559,6.553486336775553
1157,19,584,7.30586565002405
1158,19,625,7.804326281587948
1159,19,637,5.888461524905533
1160,19,681,5.975932161312131
1161,19,778,6.874612645838364
1162,19,829,6.822520933223025
1163,19,1064,7.622539604432247
1164,19,1065,7.7598830631039135
1165,19,1112,8.190798444217721
1166,19,1116,7.918405488340032
1167,19,1141,8.1376120655805
1168,19,1142,7.724567894379461
1169,19,1143,6.498488636345373
1170,19,1255,4.553981987769489
1171,19,1337,7.268397437273956
1172,19,1379,7.200473020563472
1173,19,1537,7.479760760568814
1174,19,1539,8.39884579512846
1175,19,1611,5.826280877369805
1176,19,1622,7.086446907518245
1177,19,1654,6.2697238720834605
1178,20,7,6.718931935702662
1179,20,191,7.848866508715905
1180,20,219,7.395665198260175
1181,20,268,7.710886301959728
1182,20,269,7.106785987611071
1183,20,475,7.458229619243865
1184,20,557,8.280535523229013
1185,20,562,6.928114950762739
1186,20,661,6.013859863933624
1187,20,668,6.713639907199089
1188,20,715,5.928896127737016
1189,20,745,5.515215994166952
1190,20,765,7.991398614661265
1191,20,767,5.878998559386396
1192,20,809,6.790111368663702
1193,20,921,7.191630116467037
1194,20,1071,6.257969872682706
1195,20,1136,6.364813550548068
1196,20,1293,7.235397005925584
1197,20,1312,6.57932903898209
1198,20,1329,4.94502234224855
1199,20,1399,7.643318183494349
1200,20,1506,6.8038299976387915
1201,20,1512,7.2722737378988915
1202,20,1546,8.056650946001428
1203,20,1586,5.857095748833792
1204,20,1617,7.6390119192377135
1205,20,1806,8.046528543185808
1206,20,1820,7.893796002623581
1207,20,1821,7.486269612271729
1208,21,14,6.2341942660964325
1209,21,31,6.065124424272164
1210,21,39,4.470286564269075
1211,21,40,4.45179847841696
1212,21,42,4.794195518589042
1213,21,62,5.982530175117436
1214,21,81,5.499007005174105
1215,21,156,4.108600825410502
1216,21,164,5.7050649285630834
1217,21,201,5.409497365633428
1218,21,227,7.362988498863264
1219,21,232,5.447982265567088
1220,21,235,6.185411997380414
1221,21,337,5.000264049858623
1222,21,347,4.846787685922864
1223,21,366,6.1351916150596075
1224,21,412,6.738789628936876
1225,21,470,7.299555842218067
1226,21,472,6.549207933728367
1227,21,577,7.245343930268821
1228,21,619,8.029052776595416
1229,21,704,5.76428659461274
1230,21,705,6.908045360846741
1231,21,773,6.139535053174361
1232,21,834,6.869778358268306
1233,21,860,5.46577362681793
1234,21,904,5.893549624453221
1235,21,910,5.101334977174618
1236,21,920,6.000145959837686
1237,21,974,5.663450616971276
1238,21,1004,5.691609210641564
1239,21,1022,5.251112232569749
1240,21,1081,6.642188018008227
1241,21,1102,5.724255485611111
1242,21,1122,5.478055984627663
1243,21,1181,6.722647205448071
1244,21,1194,8.249059926252745
1245,21,1209,6.000734796326157
1246,21,1224,5.964720872473852
1247,21,1334,7.716965670580305
1248,21,1400,4.103464701855972
1249,21,1515,6.1904916264620935
1250,21,1584,7.390352701482396
1251,21,1708,7.184150866733708
1252,21,1726,7.615246026761954
1253,21,1727,4.03554920633328
1254,21,1802,6.463451665900716
1255,22,58,4.940656539162736
1256,22,59,8.073337207007556
1257,22,72,5.607737198206765
1258,22,78,8.112212472201696
1259,22,79,8.124316688723454
1260,22,80,7.88874824666934
1261,22,83,8.138864289866023
1262,22,84,7.59174638025258
1263,22,88,8.359082422521753
1264,22,94,4.104699265715278
1265,22,99,5.9538302395192
1266,22,155,4.595347024903674
1267,22,179,6.62988644818612
1268,22,183,6.85831582883587
1269,22,353,6.202953169223152
1270,22,473,5.071432109459211
1271,22,474,4.8977015901101355
1272,22,530,6.339933033575925
1273,22,561,5.404537338445193
1274,22,570,5.126825642394704
1275,22,615,4.17749776558897
1276,22,629,8.240079814202723
1277,22,630,7.809191729552866
1278,22,643,5.769273780360048
1279,22,686,5.242986984970425
1280,22,690,7.4566205209695156
1281,22,776,7.56325614358281
1282,22,783,7.489884988699979
1283,22,787,5.336010497066091
1284,22,823,6.202955258347157
1285,22,841,4.6374793055063055
1286,22,858,5.839083972808022
1287,22,878,6.436595027401739
1288,22,1032,5.562751739861387
1289,22,1068,4.834942356757785
1290,22,1094,5.530727788294837
1291,22,1184,5.724277918753957
1292,22,1245,6.252553278080539
1293,22,1256,6.551321209099794
1294,22,1270,7.366644703617848
1295,22,1326,6.058069111215308
1296,22,1327,6.286863670834345
1297,22,1343,4.579464066661101
1298,22,1392,5.035030154874875
1299,22,1449,6.446692237253945
1300,22,1452,7.2192529015107105
1301,22,1453,5.615085220419508
1302,22,1455,6.06912444294461
1303,22,1460,5.05421552162956
1304,22,1478,5.104450647816135
1305,22,1481,6.624510219868311
1306,22,1485,4.640073489263805
1307,22,1488,8.149460825910237
1308,22,1522,4.492825360861614
1309,22,1562,5.410860369117947
1310,22,1587,6.485472978197149
1311,22,1627,4.773370994543284
1312,22,1636,5.859207966655327
1313,22,1642,7.645571695819619
1314,22,1701,5.152463868245755
1315,22,1706,5.949700334517849
1316,22,1767,7.836204810926564
1317,22,1803,4.964168563978711
1318,23,6,5.560247949604936
1319,23,28,5.569037170603639
1320,23,45,7.356623474080079
1321,23,50,3.9735184493560247
1322,23,145,5.291028025446082
1323,23,148,5.505385305163862
1324,23,171,5.800813543142916
1325,23,203,5.076371097435833
1326,23,205,4.938031711316059
1327,23,251,5.3245300908384365
1328,23,298,5.1909278671644845
1329,23,299,7.015247412419693
1330,23,336,6.7950398637337015
1331,23,339,2.9458869807330372
1332,23,354,4.588291087280171
1333,23,356,5.178836364944849
1334,23,411,5.548287762422147
1335,23,432,5.119190520515291
1336,23,447,7.237511498090441
1337,23,463,4.567779922731769
1338,23,520,8.388435398221148
1339,23,534,4.579739981803498
1340,23,535,4.523035364353473
1341,23,548,4.098820378357837
1342,23,583,5.882252054314853
1343,23,623,3.727209474790559
1344,23,634,4.879536402943873
1345,23,637,3.530269772622168
1346,23,649,5.164867584188627
1347,23,665,4.262328532350006
1348,23,708,4.1203244492209565
1349,23,716,6.070673193866758
1350,23,741,8.324717817539456
1351,23,784,6.829096066037337
1352,23,800,5.527596722120789
1353,23,822,5.513755372016465
1354,23,835,6.641361512480757
1355,23,837,6.667899523662728
1356,23,879,6.231363015664803
1357,23,886,6.532040748460945
1358,23,887,4.425637141297174
1359,23,919,4.6304502113054795
1360,23,928,4.062286023817309
1361,23,957,4.731260823777794
1362,23,958,4.757296211109471
1363,23,962,6.86093966012363
1364,23,975,3.8101053553010593
1365,23,983,3.7244278795172625
1366,23,996,4.442901124411465
1367,23,1019,4.863005886382244
1368,23,1047,4.5003288083128625
1369,23,1048,4.705295836859099
1370,23,1055,4.705048153397204
1371,23,1067,4.010323682036309
1372,23,1097,5.971220294632051
1373,23,1138,4.996984831518069
1374,23,1141,4.956221437953184
1375,23,1142,4.176805410170916
1376,23,1143,4.046670032155878
1377,23,1147,4.875765481335675
1378,23,1166,6.330198043847271
1379,23,1177,3.899108268278341
1380,23,1191,5.568807631694092
1381,23,1201,7.789873621399271
1382,23,1204,5.81383555831186
1383,23,1207,6.312714484534157
1384,23,1210,4.474568906624192
1385,23,1215,5.33385264111268
1386,23,1255,4.213365912089045
1387,23,1263,2.948352741783679
1388,23,1281,6.794988701010273
1389,23,1286,6.408945134971436
1390,23,1290,4.6863537382078695
1391,23,1328,4.2912568374945534
1392,23,1332,5.348258984191944
1393,23,1341,5.672134478671959
1394,23,1356,5.756639920919231
1395,23,1366,8.069318242255534
1396,23,1367,5.996895855940391
1397,23,1374,5.4078593309340395
1398,23,1379,6.130092668339133
1399,23,1381,4.599621378579735
1400,23,1387,6.091985841605991
1401,23,1391,8.341556262950471
1402,23,1412,6.161398679705851
1403,23,1432,7.328557055082736
1404,23,1441,4.637509677181884
1405,23,1461,7.163752706752198
1406,23,1494,5.979630798729187
1407,23,1508,4.488727253830165
1408,23,1519,4.3338014042574935
1409,23,1527,4.636485123260767
1410,23,1536,3.6313383166832196
1411,23,1538,6.087107400526791
1412,23,1594,5.27337309592066
1413,23,1623,7.20056648919459
1414,23,1674,4.8827420344880474
1415,23,1676,7.82082774788951
1416,23,1712,3.213445655618368
1417,23,1719,6.0859600540109575
1418,23,1739,4.729031844241292
1419,23,1750,5.004576451151941
1420,23,1765,6.156664802402426
1421,23,1792,4.6479016223456
1422,23,1801,5.254357468519939
1423,23,1829,7.178681580087454
1424,23,1841,8.226686013073715
1425,24,59,8.26764255008199
1426,24,60,6.659026080846885
1427,24,99,6.513758980944773
1428,24,168,4.957636671153147
1429,24,435,6.846659503852513
1430,24,499,8.040567058210879
1431,24,500,7.435639900574345
1432,24,517,3.652378971487509
1433,24,643,7.273334628263672
1434,24,731,4.059410309858987
1435,24,782,5.083704545730792
1436,24,810,7.09626207752498
1437,24,861,5.26706007430018
1438,24,874,6.77923108829571
1439,24,913,8.415555235039793
1440,24,972,6.439837040169093
1441,24,1041,4.906457037253749
1442,24,1060,5.194743112263806
1443,24,1185,5.236940354057492
1444,24,1208,5.414592107583623
1445,24,1257,5.916302524060051
1446,24,1287,6.669045127578469
1447,24,1318,5.849987309842705
1448,24,1322,6.470764418755715
1449,24,1382,6.671179848201803
1450,24,1449,6.462962717604055
1451,24,1467,5.269603728486198
1452,24,1530,7.055208016924698
1453,24,1555,3.291901619318433
1454,24,1635,8.040348366579732
1455,24,1694,8.12498548804859
1456,24,1700,7.213664790149091
1457,24,1814,5.203218022978644
1458,24,1847,7.111927467164031
1459,25,39,5.900220592613492
1460,25,40,4.871208026707728
1461,25,42,6.5969988233887555
1462,25,114,6.36871500718571
1463,25,117,7.104622636818418
1464,25,156,5.010992693916316
1465,25,201,7.790448783029777
1466,25,206,6.934174899330098
1467,25,232,6.910318720228014
1468,25,277,8.013198605435235
1469,25,288,6.96942114210869
1470,25,291,7.393349170649734
1471,25,325,5.010514969040457
1472,25,337,5.051810801936989
1473,25,347,4.533188999660024
1474,25,412,8.048694239735525
1475,25,457,7.771011351172065
1476,25,550,6.603391300562231
1477,25,658,5.999264630160261
1478,25,696,4.229488438685664
1479,25,712,7.980585368667469
1480,25,838,5.668491160234696
1481,25,860,6.562235628950541
1482,25,910,5.401976793003996
1483,25,920,7.921263177641491
1484,25,1074,5.375375544506677
1485,25,1077,7.843294601975115
1486,25,1122,5.320258613245835
1487,25,1128,7.563247653618428
1488,25,1151,6.328445473645462
1489,25,1231,7.669945886231537
1490,25,1253,5.45376881257848
1491,25,1274,5.968538650104378
1492,25,1307,4.474732509429488
1493,25,1372,5.0940571936966155
1494,25,1515,7.178042729936375
1495,25,1524,5.739834303496169
1496,25,1526,6.646721555216159
1497,25,1595,6.359885821103955
1498,25,1672,7.421729795422624
1499,25,1754,8.009233387261613
1500,25,1853,6.947956678536134
1501,26,8,3.9516224025905182
1502,26,9,4.001862356510269
1503,26,10,6.868528949159608
1504,26,19,6.934822748262524
1505,26,123,6.51372353900782
1506,26,154,6.327272754437204
1507,26,213,4.249390368533531
1508,26,215,4.233715070166576
1509,26,226,7.84941587909867
1510,26,249,5.227215995664853
1511,26,262,4.168283427676304
1512,26,267,8.599690935237508
1513,26,276,4.185471080138312
1514,26,278,4.582908369531637
1515,26,309,3.1852964859014503
1516,26,450,4.472849427709063
1517,26,488,5.6544691356899675
1518,26,580,4.984204170750938
1519,26,596,7.0237569893510905
1520,26,635,4.397053557250865
1521,26,656,6.128231942059167
1522,26,682,4.852777607868236
1523,26,689,5.4990962365876985
1524,26,691,3.332425770130671
1525,26,771,4.125306852763275
1526,26,775,6.09615506979368
1527,26,803,3.485328278492779
1528,26,808,3.8376413888812584
1529,26,813,5.892089340031646
1530,26,843,7.898189824397237
1531,26,847,5.242341358610716
1532,26,848,4.942339443277872
1533,26,863,3.9682405185477228
1534,26,931,6.4849547446389995
1535,26,1003,8.154277789430287
1536,26,1025,7.617057766797343
1537,26,1214,7.138303395191578
1538,26,1260,3.703370311578741
1539,26,1275,4.183224011078456
1540,26,1310,3.5558478315453983
1541,26,1316,4.027820359396453
1542,26,1320,3.339769665133853
1543,26,1347,5.130550993050317
1544,26,1378,7.169291399215085
1545,26,1382,6.0276749779910475
1546,26,1398,3.4437894113149214
1547,26,1421,5.463031659463606
1548,26,1449,3.4728521628686675
1549,26,1460,3.900814085464519
1550,26,1483,5.194346339206197
1551,26,1484,4.836343442998592
1552,26,1501,3.7932777972778715
1553,26,1511,4.6887257610143305
1554,26,1542,6.729672209959403
1555,26,1545,3.812277358921959
1556,26,1574,3.418058299936482
1557,26,1577,4.0902713904701
1558,26,1578,5.449669037068374
1559,26,1630,7.606631961985374
1560,26,1695,5.63213264101991
1561,26,1698,6.757233602907677
1562,26,1711,4.358128237833726
1563,26,1715,4.5946365156634705
1564,26,1720,8.546066755986336
1565,26,1725,4.181955406911291
1566,26,1746,3.2424440073017173
1567,26,1752,7.724951391810267
1568,26,1772,5.009063481547354
1569,26,1808,3.8601750057915774
1570,26,1844,5.06144574754639
1571,27,38,6.307210527409129
1572,27,45,6.194417534214013
1573,27,79,5.738450074867961
1574,27,88,5.911426705638091
1575,27,93,4.791500579045713
1576,27,98,5.957703815855267
1577,27,147,4.658093852835655
1578,27,148,3.929171143468506
1579,27,160,7.489061699140716
1580,27,168,3.585984489772508
1581,27,175,6.048996874667487
1582,27,193,6.219667890562092
1583,27,216,7.248086930973653
1584,27,260,5.784869667321726
1585,27,261,5.187304352798168
1586,27,285,4.407084669644934
1587,27,299,4.701205991628579
1588,27,354,5.214282675212088
1589,27,444,6.0550223791312865
1590,27,447,5.476697990091525
1591,27,469,6.970438300506703
1592,27,473,4.054724595900172
1593,27,536,5.545886510121849
1594,27,607,5.5733076990782235
1595,27,713,7.014028279000586
1596,27,727,8.461617560989243
1597,27,741,4.668525339483198
1598,27,822,4.1711616086987995
1599,27,879,7.941112281369241
1600,27,894,5.162672162161234
1601,27,953,6.04853958131714
1602,27,954,7.840961664263424
1603,27,1006,6.734210423591488
1604,27,1166,4.80161754811442
1605,27,1191,4.453383190057756
1606,27,1207,6.5967166903672485
1607,27,1291,5.070506512149929
1608,27,1304,8.304060680564607
1609,27,1311,8.019933444016807
1610,27,1374,3.3356387630142796
1611,27,1379,4.362176707477974
1612,27,1467,4.57045658898301
1613,27,1510,6.522614597151119
1614,27,1602,7.456292645914813
1615,27,1620,5.922098527130286
1616,27,1684,5.219241562767293
1617,27,1712,3.2382934610968044
1618,27,1809,4.3337646515399335
