concept_name,cr
aardvark,0.779739082
abacus,0.7984847327142858
accordion,0.7528452094285714
acorn,0.7618513405625
air_conditioner,0.7944662057692308
air_mattress,0.8059998446153845
air_pump,0.7251907696923077
airbag,0.7951560115
airboat,0.7435045886923077
aircraft_carrier,0.7626539564347826
airplane,0.7905644445000001
album,0.6915167869375001
alligator,0.8363870151428572
almond,0.8203477294615384
aloe,0.7518986941666667
alpaca,0.8132426873333334
altar,0.7450487332777778
aluminum_foil,0.7671410702666667
amber,0.7793528365833334
ambulance,0.7523692132307692
amplifier,0.750382704625
anchor,0.7609879194285715
ankle,0.8365940918333333
anklet,0.8637443553333334
ant,0.7547192904166667
anteater,0.7807796540833333
antelope,0.7213829799166667
antenna,0.74278583875
anvil,0.7379074855384615
appetizer,0.7514259464137931
apple,0.8265585950833333
apple_tree,0.6634847775833334
applesauce,0.820477664
apron,0.8204058311538461
aquarium,0.6884195045
arch,0.7091216650000001
arm,0.8251103855384615
armor,0.825568767
arrow,0.8159023739333333
artichoke,0.8075332675833334
arugula,0.7882286858461539
ashtray,0.782621078
asparagus,0.8175056244166666
avocado,0.8171612926875
awning,0.7950330258461539
axe,0.8317437766428571
baby,0.8649896259142857
backdrop,0.7595028308571429
backgammon,0.775922108
backpack,0.7586346533076923
backscratcher,0.8030283818499999
bacon,0.8386790792777777
badge,0.8093417620769231
badger,0.7792136808695652
bag,0.789145696125
bagel,0.8156871869583333
bagpipe,0.7654029442
baklava,0.8040352261875
balance_beam,0.7888944968461539
ball,0.7860352150625
balloon,0.79614193125
ballot_box,0.7644093596875
bamboo,0.773110741625
banana,0.8145355218461539
banana_peel,0.8331194877058824
banana_split,0.7974938718666666
bandage,0.8533712703333333
bandanna,0.8461554760833333
banjo,0.7209028179375
bank,0.786610817923077
banner,0.8372539504615385
barbed_wire,0.7623180827058824
barbell,0.7873816910000001
barcode,0.8176916040000001
bark,0.7701270682272727
barnacle,0.7134552506666667
barrel,0.7818442515789473
barrette,0.8563788025
baseball,0.8062906233333333
baseball_bat,0.8071709625833333
baseball_glove,0.7772327319473685
basil,0.7288439165714287
basket,0.7508853761666666
basketball,0.8086267860769231
basketball_hoop,0.7100569791666667
bassinet,0.7619022498125
bassoon,0.7593486735789474
bat1,0.7979304912777778
bat2,0.7302228323333334
bathmat,0.7516862233846153
bathrobe,0.8220438027619048
bathtub,0.7868906993749999
baton1,0.78307124525
baton2,0.8078950014615385
baton3,0.7707799598235294
baton4,0.7968352583333334
batter,0.8029628745833334
battery,0.8152164886923077
bazooka,0.8031261076923077
beachball,0.7530306343157895
bead,0.8005449835714286
beaker,0.7610230139375
bean,0.8158888346153846
beanbag,0.829357711125
beanie,0.8598406891666667
bear,0.8131854241428571
beard,0.8892157258125
beaver,0.7771789288235295
bed,0.7832404040909092
bedpan,0.8001298887692307
bedpost,0.7397682605333333
bee,0.7645790069629629
beehive,0.8081771574615384
beer,0.7918609983125
beet,0.7826807488666667
beetle,0.8350173385333334
bell,0.765718958
bell_pepper,0.8196554270714286
belt,0.8158603592857142
belt_buckle,0.8059146087647059
bench,0.8130257191875
berry,0.7951923076666666
bib,0.8101352374
bike,0.7057918169999999
bikini,0.8874203371666667
bin,0.8054367872142858
binder,0.786357677875
binoculars,0.75210850675
bird,0.7413489425217391
birdbath,0.7515266947333333
birdcage,0.740148635
birdhouse,0.7606118866666667
birthday_cake,0.8029860128333334
biscuit,0.8313133605833333
bison,0.8067885690000001
blackberry,0.8017524031666667
blanket,0.7830357436666667
blazer,0.7325663386666666
blender,0.7414925334285715
blimp,0.8223372833333333
blind,0.7553349558076923
blinder,0.7399041521538462
blindfold,0.8303674910555556
block,0.8183656374
blouse,0.778095896375
blower,0.845087538875
blowfish,0.8152041866249999
blowgun,0.794967785076923
blowtorch,0.7999178377142858
blueberry,0.81476794025
boa,0.8122555764
boar,0.8168758454999999
board,0.748067232125
board_game,0.7551697242272727
boat,0.7342169340666668
bobsled,0.7768454821111112
bok_choy,0.8057252929411766
bolo_tie,0.7637236070000001
bologna,0.8389753465833333
bolt,0.789839483
bomb,0.7936801090666668
bone,0.7775878329333333
bongo,0.7585923128333333
bonnet,0.8359625808333333
bonsai,0.788049911
book,0.7579507691538462
bookmark,0.7564864027058824
bookshelf,0.7810911041666667
boomerang,0.84941994725
boot,0.805784743125
bottle,0.7810316650833333
bottle_opener,0.787685157
boulder,0.7394831900454545
bouquet,0.691554094
bow1,0.8502156521578947
bow2,0.82885189375
bow3,0.7645208720833333
bowl,0.7545982490833333
bowler_hat,0.8143809246923077
bowling_ball,0.8316375781666667
bowtie,0.8371528811428571
box,0.7815396036666667
boxer_shorts,0.8617610123846154
boxing_gloves,0.8304005095333333
boy,0.8683954612307693
bra,0.8764009586428572
brace,0.861753469875
bracelet1,0.8214069348333334
bracelet2,0.8307190225294118
bracket,0.8081004351333333
braid,0.85730757325
brake,0.6892734649166666
branch,0.6750614672142857
brass_knuckles,0.8588819342857142
bread,0.7938183927727273
breadbox,0.7806736542857143
breadstick,0.8378911971875
breakfast,0.7749162196923076
breathalyzer,0.7722594479166668
brick,0.8462606463571428
briefcase,0.7988687465384616
broccoli,0.8510118784285714
brooch,0.79188211075
broom,0.80968804175
brownie,0.8277516712777778
brush,0.8289519319230769
brussels_sprouts,0.7978136371666666
bubble,0.7410484039999999
bubble_wrap,0.83545346775
bucket,0.7259559254166666
buckle,0.7741061645714286
buffet,0.7468196221428572
bug,0.7240232123529412
buggy,0.7308720226666666
bull,0.7773634649166666
bulldozer,0.7102144806363636
bullet,0.8360331933846153
bulletin_board,0.7155679560833333
bulletproof_vest,0.8420858323333333
bumper,0.7294280725000001
bun,0.8458441288333334
bungee,0.7669761964166667
bunkbed,0.8206655554
buoy,0.69553696475
burner,0.7846575095833334
burrito,0.8179938868333334
bus,0.75459297
bush,0.6898913754999999
butter,0.8320938930625
butterfly,0.7783495295
button1,0.785490433
button2,0.8066913100833334
cabbage,0.8478824550769232
cabinet,0.705046681
cable,0.7954536793333333
cactus,0.77763016675
cage,0.7845179448333334
cake,0.7893155489333333
cake_mix,0.7997533176666667
calamari,0.7858661353571428
calculator,0.8074446468571429
calf1,0.8028208946250001
calf2,0.8553948967857143
calzone,0.79945515975
camcorder,0.7549220662499999
camel,0.8345152371538462
camera1,0.7822201479166666
camera2,0.76118198275
camera_lens,0.7715344000714286
camper,0.7625694159166666
can,0.7860639031666667
can_opener,0.7637369918333333
candelabra,0.7382176126470588
candle,0.7832288630833334
candlestick,0.7210403805
candy,0.8256941964615384
candy_bar,0.8728343980000001
candy_cane,0.8274523476666666
cane,0.7953224113333334
canister,0.7975683345333333
cannon,0.7954397226666666
cannonball,0.7786572288125
canoe,0.809629294857143
cantaloupe,0.8192223596153846
canvas,0.753608569375
cap,0.8147471109285714
cape,0.8148443419333333
car,0.75656317375
car_door,0.7641120346666667
car_seat,0.8032849589230769
caramel,0.8455446403076923
card,0.8234258597333334
cardboard,0.8179271271538462
cardigan,0.8225730792142858
cardinal,0.8114230151333334
carousel,0.7708322537500001
carriage,0.7572996363125
carrot,0.8543787945833333
cart,0.7086570146666666
cash_machine,0.7757643730833333
cash_register,0.7360727785
cashew,0.8324921152666668
casserole,0.77495762475
cassette,0.8191027955833333
cat,0.8403844017500001
catapult,0.7466059300833333
caterpillar,0.7965441439047619
catfish,0.8555502371666667
cauliflower,0.841513309375
caviar,0.825503943923077
cd_player,0.7994120979166667
celery,0.8369833080833334
cello,0.7876587623571429
cellphone,0.803484467625
cement_mixer,0.73169546975
centerpiece,0.6760376278461538
centrifuge,0.7264727817500001
cereal,0.7933877944166667
chain,0.7941334770625
chainsaw,0.8123836481875
chair,0.7678123335000001
chalice,0.705992460125
chalk,0.8321431082307692
chalkboard,0.7950149275
champagne,0.7646685506666667
chandelier,0.73979639425
chaps,0.8399150767894736
charcoal,0.7790643258333333
charger,0.7788679742857143
chariot,0.7575891695
checkbook,0.7457653671666667
checkers,0.8197012745833333
cheese,0.8030823092
cheeseburger,0.8439307664166668
cheesecake,0.8085201121333333
cheetah,0.8235210998461538
cherry,0.8169013326666668
chess_piece,0.7950737247692309
chessboard,0.7675769463333334
chest1,0.8746419667142857
chest2,0.6970687386666666
chick,0.8175600606666666
chicken1,0.8304843814999999
chicken2,0.7952430563333334
chicken_wire,0.8078881957857142
chickpea,0.8510214822
chihuahua,0.8414892820833333
chili,0.8022253185
chime,0.7547590695833333
chimney,0.7868221639166667
chin,0.8723126806666667
chinaware,0.7076806118666668
chinchilla,0.8171262002666667
chip,0.8116035711666667
chipmunk,0.811050595
chips,0.8214570099166667
chisel,0.7722275115
chive,0.8345685293333333
chocolate,0.8064310313571428
chopsticks,0.8171752145000001
christmas_card,0.7614445125333333
christmas_tree,0.7868938588333334
chute,0.7764477047692308
cigar,0.8396078382000001
cigarette,0.8541646788823529
cigarette_butt,0.8204688299285714
cigarette_holder,0.7694713449
cilantro,0.7561731576923076
cinnamon,0.8418518297500001
clam,0.7947111210625
clarinet,0.7866056306923077
clasp,0.8100305337692308
clay,0.79907410275
cleat,0.7635555019090909
cleaver,0.7925256206153846
clipboard,0.7412917064666666
clipper1,0.8147516468461539
clipper2,0.82208841775
cloak,0.8479060701428571
clock,0.6987360291666667
closet,0.760996471153846
clothes,0.750560938076923
clothesline,0.77514909875
clothespin,0.84367301775
cloud,0.73649976825
clove,0.7488879854166667
clover,0.7189443157777777
coal,0.8066408355833333
coaster,0.8174198762222222
coat,0.7697615683333333
coat_rack,0.7237649216666667
cobra,0.8585535978461538
cockatoo,0.7955357971538461
cockroach,0.8288376906666667
cocktail,0.747693081
coconut,0.81173110135
cocoon,0.78247721825
coffee,0.8040064780666667
coffee_bean,0.8453316839166667
coffee_filter,0.8321684644166667
coffee_pot,0.753402251
coffee_table,0.7506114358571429
coffeemaker,0.7451633780714285
coffin,0.8339537929230769
coil,0.7494122070000001
coin,0.8173749947333333
coleslaw,0.7858503542666667
collar,0.7953785614375
column,0.7481209976428572
comb,0.7976111143333333
combination_lock,0.7636276181666667
comic_book,0.8020425622666667
compass,0.7022710712500001
compost,0.696057943625
computer,0.7935265369166666
computer_screen,0.8187803239375
confetti,0.7978230050833334
contact_lens,0.858461342875
container,0.8051929563076924
cooker,0.765292396125
cookie,0.8195325940666667
cookie_cutter,0.807383484
cookie_sheet,0.744846531142857
cooler,0.7644638873076922
coop,0.7825232557692308
copier,0.7902783683333333
coral,0.7109396866153846
cord,0.7513022639333333
cordon_bleu,0.7724683090000001
cork,0.8216532464285714
corkboard,0.7996000476
corkscrew,0.78926028325
corn,0.8312369600588235
cornbread,0.800193076
cornhusk,0.8014486974
cornmeal,0.7615444064285715
cornucopia,0.7567532585384615
corsage,0.7759747181333334
corset,0.8511963996111112
costume,0.8165460976428571
cot,0.786160461
cotton_candy,0.8194773350000001
couch,0.7857332601363637
cougar,0.8062897158
counter,0.778855528
coverall,0.8080721100714285
cow,0.8226635078125
coyote,0.78021457075
crab,0.7791464070588235
cracker,0.8378458494000001
cranberry,0.7783509954285714
crane,0.7252877803888889
crank,0.7393284744374999
crate,0.7474236903529412
crayfish,0.7963402507333334
crayon,0.849686746235294
cream,0.799924456
cream_cheese,0.8045566648333334
credit_card,0.8555920319166667
creme_brulee,0.8156504006842106
crepe,0.7782317563684211
crib,0.7829375762352941
croissant,0.8344890764999999
cross,0.8114257864444444
crossbow,0.8054995310833334
crouton,0.8180871356666667
crow,0.7755654044285715
crowbar,0.7991368726666667
crown,0.7926023777500001
crucifix,0.8510406086666666
cruise_ship,0.7832904810833333
crumb,0.7607678856666666
crutch,0.8131501729285714
crystal1,0.80156762
crystal2,0.7989905547
crystal_ball,0.6875635711666667
cuckoo_clock,0.749832981
cucumber,0.8129841194375
cufflink,0.8202327572222222
cummerbund,0.8626840994117647
cup,0.7346923673333333
cupcake,0.7910751662352942
curb,0.7520901314285714
curling_iron,0.8190761765714286
curry,0.7205892682727273
curtain,0.7100570106666666
cushion,0.76448598825
cutting_board,0.7985004345000001
cymbal,0.7848154995000001
dagger,0.800143669
daisy,0.7103318361666666
dalmatian,0.827319862
dandelion,0.7075659485333333
dart,0.7969166341666667
dartboard,0.76959360175
dashboard,0.7511784574615384
deer,0.7658427952857142
defibrillator,0.7351030937857143
denture,0.8875516332142858
deodorant,0.7946752749166667
desk,0.7668299086428572
dessert,0.7550978493636364
detonator,0.740384112
dial,0.7935889290833334
diamond,0.813894481875
diaper,0.8759429904166667
dice,0.8124649853333333
dip,0.8639796273571428
dirt_bike,0.7407607805
dish,0.7707292862380952
dishrag,0.8169233126666667
dishwasher,0.7866055643076924
dishwashing_liquid,0.7984648165384616
diskette,0.8382478588333333
diving_board,0.7840044030000001
dog,0.80594316425
dogfood,0.7961179199230769
doghouse,0.7698467996923077
doily,0.7704501306470588
doll,0.8244231435333333
dollhouse,0.8062239465714286
dolly,0.7225071747692307
dolphin,0.8176752773571428
domino,0.842834015
donkey,0.782437103764706
donut,0.8412805435625
door,0.7166761267857142
doorbell,0.7382119598571428
doorhandle,0.7882867726923077
doorknob,0.76172617875
doorknocker,0.8024929483928572
doormat,0.784817387875
doorstop,0.8432928492666666
dough,0.8149441495454546
dragonfly,0.8001677565625
drain,0.7397494398235294
drawer,0.7859478216153846
dreidel,0.8100129785384615
dress,0.793597178076923
dresser,0.7556807554736843
drill,0.793211837142857
drink,0.7457865034666666
drum,0.7437413406
drumstick,0.8028189935833333
dryer,0.7761312875
duck,0.7647920764615385
duckling,0.78292634972
duct,0.7524937806923078
duct_tape,0.78272070425
duffel_bag,0.7605720264615384
dumbbell,0.8334134800588235
dumbwaiter,0.7204301605294118
dumpling,0.8041092316923077
dumpster,0.8039110859285714
duster,0.8010114208333333
dustpan,0.7985797481538461
dynamite,0.8611556271538461
eagle,0.7808778270476191
ear,0.8889417528333333
earplug,0.8301815570000001
earring,0.7795639354375
earwig,0.7858384367857143
easel,0.7605559525
easter_egg,0.8174086712
eclair,0.8041024852857143
eel,0.8346746311666666
egg,0.8381407711333334
egg_roll,0.8385834956666667
eggbeater,0.7375879223529411
eggnog,0.8108843615833333
eggplant,0.845509548
eggshell,0.8269864892857143
elbow,0.8526934882142857
electric_chair,0.8316364805833333
elephant,0.8207385449166668
emerald,0.8041238336666666
enchilada,0.7871505835625
engine,0.7037007701666668
envelope,0.787074558
eraser,0.8539345157499999
espresso,0.7976876670833333
exerciser,0.8050185886666666
exhaust_pipe,0.7699574806875
extinguisher,0.7723499431875
eye,0.8402219146666667
eye_patch,0.8404914920833333
eyedropper,0.7905584780833333
eyeliner,0.8666035104166667
eyepiece,0.76566384675
face,0.8797946633333334
face_mask,0.7494073759166667
fan,0.7440147541428572
fast_food,0.7336425778333333
faucet,0.8142765975833334
feather,0.76206107225
fence,0.7527912049166666
fencepost,0.7346530357142858
fern,0.7679033027500001
ferret,0.8041571113076924
ferris_wheel,0.7685726961363636
ferry,0.7367720241666667
fig,0.7939499684166668
figurine,0.8164591336666667
file1,0.7473909719999999
file2,0.77590867425
filing_cabinet,0.8616973749166666
film,0.7753495099166666
filter,0.7960759073333333
finger,0.8322343985833333
fingerprint,0.8244014116153846
fire,0.7108142564166666
fire_alarm,0.797083753
fire_hydrant,0.7797996772857143
fire_pit,0.7352588737142858
firecracker,0.8158309048
fireplace,0.7293436019999999
firetruck,0.7836841379166667
firewood,0.80087748975
fireworks,0.7867177798181818
first-aid_kit,0.7673022514166666
fish,0.7933594073076923
fishbowl,0.7500530165882353
fishhook,0.8032923008333334
fishing_pole,0.7778058732500001
fishnet_stockings,0.8477985175999999
flag,0.7819154727857143
flagpole,0.6973376217857143
flamethrower,0.7731890790833332
flamingo,0.8099609201818182
flan,0.8344992219999999
flashbulb,0.7067501859166666
flashlight,0.7949615168333333
flask,0.7648809343571428
flatiron,0.79265418575
flip_flop,0.860050652
flipper,0.83293792525
float,0.8298872199166666
floss,0.7738843243076924
flour,0.7537450109166667
flower,0.6642099425263158
flute,0.7716947084666667
fly,0.7666683746470588
flypaper,0.7698516453076922
flyswatter,0.7980692
foam,0.7967218219166666
folder,0.7625245292105264
fondue,0.7924019286
food_processor,0.7093698129285714
foot,0.8503406317857143
football,0.8022810690833334
football_helmet,0.808904458125
footbath,0.8197003927500001
footprint,0.8565091855333333
footrest,0.81572734325
fork,0.7944118194166667
forklift,0.7828844801666667
fossil,0.7890649850833333
fountain_pen,0.7804675884000001
fox,0.828658987875
frame,0.7575586676666667
freezer,0.732071103
french_fries,0.8272889249166666
french_horn,0.8360521613333334
frisbee,0.8144565304166668
frog,0.8016633422
fruit,0.7737217678333334
fruitcake,0.8070440734166667
fudge,0.8600748063571428
fungus,0.8086147895833333
funnel,0.7738879915
fur_coat,0.8033125913333333
furnace,0.7469533515833334
fuse,0.7916561045
gallows,0.8370549516666667
game,0.6790460555000001
garbage,0.7812158924166667
garbage_truck,0.7518792996000001
gargoyle,0.7783303714117648
garlic,0.8030209585833333
garter,0.8444900514999999
gas_mask,0.8492385885833333
gasket,0.75068380925
gate,0.7718650548333333
gauge,0.7018113094166667
gauze,0.8235122761666668
gavel,0.8055438973333334
gazelle,0.7967075137142857
gear,0.7887047262500001
gearshift,0.8188918172499999
gel,0.7649146478571429
gem,0.7939517630833334
generator,0.7410465686666666
gift,0.78775293125
ginger,0.8341602213333333
gingerbread_man,0.8552100826666668
giraffe,0.8277390847083334
girl,0.8535576872307692
glass,0.7572302811666667
glasses,0.7608900714117647
globe,0.7653141375833333
glove,0.8019675675625
glue,0.8125601113333333
go-kart,0.7798769236666666
goalpost,0.78996220225
goat,0.81327875075
goblet,0.7539217637857144
goggles,0.8116866595384615
gold,0.8407408191111112
goldfish,0.75688932375
golf_cart,0.7732968454166667
golf_club,0.776050798
gondola,0.7556833044166668
gong,0.7223080588333334
goose,0.710573813875
gopher,0.7975147744375
gorilla,0.8619434267619048
gourd,0.7816792007647059
graffiti,0.7634550971052632
grain,0.8182594135
gramophone,0.7968117421764705
granite,0.7057518818571429
granola,0.7595822449411764
grape,0.78581284725
grapefruit,0.8049596332222222
grapevine,0.709708735076923
grass,0.7720608757999999
grasshopper,0.7626091964999999
grate,0.7289902263529412
grater,0.8629256504166666
gravel,0.7553718773333333
gravestone,0.7858260597500001
gravy,0.8341426692631578
green_beans,0.8178260846666667
grenade,0.8540952875833333
grill,0.7713702055833332
grille,0.7666659524166667
grinder,0.743269603
grits,0.7981495162500001
groundhog,0.775998557
guacamole,0.8051237193999999
guardrail,0.7275102342222222
guillotine,0.7013443741428571
guinea_pig,0.8264693167142857
guitar,0.7721659192352942
gum,0.8494017564166666
gumball,0.8177841805833334
gumdrop,0.8690017735384615
gun,0.8816901506666667
gurney,0.7912191105769231
gutter,0.7778564064285715
gyro,0.8180241008333334
gyroscope,0.72205341575
hail,0.7899436983333333
hair,0.8315518596666666
hairbrush,0.8089424217333333
hairdryer,0.8163056014666666
hairnet,0.8828794574285714
hairpin,0.782403051
hairspray,0.7962061741666666
ham,0.8037951676666667
hamburger,0.8074349054166667
hammer,0.7935994525833333
hammock,0.7811660110833333
hamster,0.8369478352857144
hand,0.8240967351428571
handbrake,0.8251430325833334
handcuff,0.8608448950833334
handkerchief,0.77649679
handle,0.7892414144615384
handlebar,0.71409366025
handprint,0.8269917583333334
hanger,0.8385592684285715
hard_disk,0.7804778555
harmonica,0.7207412574736842
harness,0.8213911964615386
harp,0.8067049438333332
hash,0.7452082081538461
hat,0.7896889466470588
hatbox,0.7507347496666666
hatchet,0.7894001831499999
hawk,0.7490875613529412
hay,0.7456540622307692
headband,0.8602189069333334
headdress,0.8229635526
headlamp,0.7254619751875
headlight,0.7401249037692307
headphones,0.7531521746153846
headrest,0.8270263045
headscarf,0.8905258868333333
headset,0.8238400051538461
hearing_aid,0.8515097030714286
hearse,0.8143180123333332
heater,0.749454599
hedge,0.7763171686153846
hedgehog,0.8268678420666667
helicopter,0.73157008172
helmet,0.7767722539166666
highchair,0.7566377673333333
highlighter,0.8409340962499999
hinge,0.8207132720833333
hip,0.8788328300833333
hippopotamus,0.8218433200555556
hobbyhorse,0.8349635103846154
hockey_stick,0.7694392300833334
hoe,0.7536032965384615
hole,0.8120821157692307
holster,0.8192689166428571
home_plate,0.7410347007692307
honey,0.8253372267333333
honeycomb,0.8132277339230769
honeypot,0.7217839017368421
hood,0.8236967205833333
hoodie,0.8527153985333332
hook1,0.8023897745625
hook2,0.7520253089166666
hookah,0.7359827166666667
hopscotch,0.8246516195833333
horn,0.7321185480833333
horse,0.7743359119411766
horseshoe,0.7952204950714286
hose,0.7909693975833334
hot-air_balloon,0.7896379767272728
hot-water_bottle,0.8323883689999999
hot_chocolate,0.8027937822307692
hot_tub,0.8122485105
hotdog,0.8591645821666667
hotplate,0.7440899235833333
hourglass,0.7862474718571429
hovercraft,0.6754398028461538
hubcap,0.7457278062777778
hula_hoop,0.85349911775
hummingbird,0.7679296448333334
hummus,0.7941612038823529
humvee,0.7744849194375
hydrant,0.8167903703846153
hyena,0.7962871605
ice,0.7165210632142857
ice-cream_cone,0.847237716
ice_cream,0.8126606067500001
ice_cube,0.8151904589285713
ice_pack,0.8630705168333334
icemaker,0.7154995430833333
icepick,0.789984377923077
iceskate,0.8043075390714286
icicle,0.8226143945833333
iguana,0.7933837005384615
incense,0.7265252905833334
incubator,0.7604146369999999
inhaler,0.8536416344166667
ink,0.7828623732307692
inkwell,0.6818172469285714
insole,0.8049111408461538
iron,0.7826940428235294
ironing_board,0.8043799426666667
ivy,0.7622563178461538
jack,0.7529657796666668
jacket,0.7410177774375
jackhammer,0.7702674868461539
jalapeno,0.7969659374
jam,0.8242629503333333
jar,0.7675402054999999
javelin,0.8279244780833334
jeans,0.8161903974117647
jeep,0.7537355584000001
jelly_bean,0.8164957152307692
jellyfish,0.8050888395333333
jersey,0.8167088060666666
jet,0.7205138574666667
jetski,0.7612848761428571
jewel,0.790113229904762
jewelry,0.7387823524
jigsaw_puzzle,0.8444734105714286
joystick,0.8002677896
jug,0.7144134039230768
juice,0.7826586249230769
juicer1,0.8593323895
juicer2,0.7008760388461539
jukebox,0.7810085630000001
jump_rope,0.7454790655714286
jumpsuit,0.8320317416153846
kale,0.7816653953999999
kaleidoscope,0.7743403870833333
kangaroo,0.8125395344
kayak,0.782206492
kazoo,0.8044071772631579
kebab,0.778053806
keg,0.7800773366666667
ketchup,0.8127896205625
kettle,0.7673225824666667
key,0.7528491226842106
keyboard,0.8036200009333334
keyhole,0.7535467371428571
kilt,0.8640272833888889
kimono,0.8046676367058824
kite,0.8205776416428572
kitten,0.8423860735
kiwi,0.8073218330833334
knee,0.8727571818461539
kneepad,0.8566659596875
knife,0.8023917149333334
knitting,0.7767517029166666
knitting_needle,0.7747644086666666
knob,0.7713710813888889
knot,0.791910207
koala,0.8072622850000001
lab_coat,0.8050503888
ladder,0.7581525656666667
ladle,0.7753377240769231
ladybug,0.798441217
lamb,0.811979347875
lamb_chop,0.8033331642777778
lamp,0.7351849213846153
lamppost,0.6716846502352941
lampshade,0.7265416431666667
landmine,0.7428476516666667
lantern,0.7130253183571428
lanyard,0.8167227850000001
laptop,0.7901874644000001
lasagna,0.7804802605333333
laser_pointer,0.8286877078333333
latch,0.7517370721875
latte,0.8617754654166667
laundry_basket,0.7939450283333334
lava,0.7930013780833334
lavender,0.7865708309166667
lawnmower,0.7546162145625
leaf,0.7732232980000001
leash,0.7710782411666667
lectern,0.7513346962499999
leech,0.8152934518461539
leek,0.8260167796875
leg,0.855462168375
leggings,0.893170717
lego,0.8641975253846154
lemon,0.76534468
lemonade,0.79305035375
lens,0.7472489661666667
leopard,0.8247440020769231
leotard,0.869674276
letter_opener,0.76668401575
lettuce,0.8165022428333334
license_plate,0.8014329992500001
licorice,0.798940159
lid,0.7833918819166666
life_jacket,0.7620208421666667
lifesaver,0.7325105155384615
light_switch,0.8154707804117647
lightbulb,0.7198429753333334
lighter,0.8084400153333333
lightning_bug,0.7431581121666667
lime,0.7928540858571429
limousine,0.8312967497333333
lingerie,0.85535778325
lion,0.82732981624
lip_balm,0.8388465345833334
lip_gloss,0.7904607886666667
lipstick,0.8329408260000001
lizard,0.7815744216666666
llama,0.7770983636923077
lobster,0.82095710825
lock,0.7652541780000001
locker,0.8090967637857143
locket,0.7779370513333334
log,0.7476295768333333
loincloth,0.9011730681666666
lollipop,0.8096221414999999
loom,0.74393971775
loveseat,0.79983112625
luggage,0.7967367504166667
lumber,0.7840581853333334
lunchbox,0.775507687
macadamia,0.7817945607692308
macaroni,0.8682468208666666
machete,0.8008751058333333
machine_gun,0.8014373288461538
maggot,0.86486792525
magnet,0.8420985491666667
magnifier,0.7029418244166666
magnifying_glass,0.7550673933333334
mail,0.76283542
mailbox,0.7916580209
makeup,0.7671543128125
mallet,0.7915065351875
man,0.8607950118333334
manatee,0.81858779425
mandolin,0.7562815946666667
mango,0.7628390163157895
manhole,0.78280487215
mannequin,0.8416285805833333
mantle,0.7115078666428571
map,0.7407831648571428
maple_syrup,0.7842111434166666
marble,0.7848414167692308
margarita,0.7934387497647059
marijuana,0.7961078345
marker,0.8557308993846154
marmalade,0.7967666625833334
marshmallow,0.8200895704615385
mascara,0.8229557426428571
mashed_potato,0.803447746375
mask,0.8223018381333334
mast,0.7137632277857142
mat,0.7695886336428571
match,0.828895590076923
matchbox,0.8151151637499999
mattress,0.7971430640714285
measuring_cup,0.7825384001666666
meat,0.7986619293846153
meat_grinder,0.79183953875
meatball,0.8181337
meatloaf,0.8112023004166667
medal,0.7656136277857143
meerkat,0.8303868542307692
megaphone,0.7812754211666667
melon,0.7568612541333334
memory_stick,0.8293585774375
metal_detector,0.8280118464999999
metronome,0.7331627253846154
microphone,0.7530886544666667
microscope,0.8026879044285715
microwave,0.7736059135833333
milk,0.7434205662857143
milkshake,0.7930380135789473
minivan,0.7291710334736843
mint,0.7605786953076923
mirror,0.7505048959166666
missile,0.7809239398235295
mistletoe,0.7108601350588236
mitten,0.8145273087500001
mixer,0.8092256505833334
moccasin,0.7685048871538461
modem,0.7551860779166667
mold1,0.7911341628461539
mold2,0.7996396657857143
mole,0.7920199246666667
money,0.8682627065625
mongoose,0.7768909289166667
monkey,0.8195261840526316
moose,0.8144801595
mop,0.8050165061538461
mosquito,0.8297823874210526
mosquito_net,0.8279697280769232
moss,0.71836641675
moth,0.7492460210714286
motherboard,0.7828310966666667
motorcycle,0.7540429218
mouse1,0.8100026602352941
mouse2,0.8111503345555556
mousepad,0.7781958883333333
mousetrap,0.8233737219444444
mousse,0.7870781579166667
mouth,0.8349041170833335
mouthpiece,0.8197861189285715
mud,0.7709444609230769
muff,0.8422975443333334
muffin,0.782888144
mug,0.7949379021428572
mulberry,0.8263016282
mulch,0.755166649
mullet,0.8812077191666666
mushroom,0.8291089998461539
music_box,0.7045220682142858
mussel,0.8288496384285714
mustache,0.9100840481538461
mustard,0.791923115
nacho,0.7818441532857143
nail,0.803249113923077
nail_clippers,0.839851047923077
nail_file,0.8289272768
nail_polish,0.848347905
napkin,0.7548974386923077
napkin_ring,0.769759993625
navel,0.8735675559166666
neck,0.8761149021666667
necklace,0.731943622
needle,0.775964513
nest,0.8347180826923076
net,0.7599754673076924
nightshirt,0.8313305543846153
nightstand,0.7808060952142857
noisemaker,0.8008894576666666
noodle,0.8339457904615385
noose,0.8208109980714287
nose,0.8532418756923078
notebook,0.7368384053076924
notepad,0.7626552093333334
nut,0.7788538111666666
nutcracker,0.8220176220833334
oar,0.7813602776923076
oatmeal,0.750939181125
octopus,0.8193536930833334
odometer,0.729143203875
oil,0.7823526909411765
oilcan,0.67191912075
okra,0.7591551267333333
olive,0.8145459274166668
omelet,0.8071705228333333
onion,0.7959273234
orange,0.8123692037692307
orange_rind,0.8044173050625
orangutan,0.8372790585555556
orchid,0.6593486463529412
organ,0.7368016218333334
origami,0.8130722734705882
ostrich,0.7913472421052632
otter,0.8379294660714286
ottoman,0.77464411
outfit,0.746687848
outlet,0.82472395025
oven,0.7358932745333334
overalls,0.8169146195833333
owl,0.8252828097777778
oyster,0.7765371356923078
pacifier,0.8237424255714286
paddle,0.7885498807857143
padlock,0.7907130611428571
paint,0.8054977986153846
paintbrush,0.8067764447692307
painting,0.7447752856666666
pajamas,0.8178504165384616
palette,0.78088224
pallet,0.8059252808
palm_tree,0.7189457948333334
pan,0.8016121567058824
pancake,0.8411493384166667
panda,0.8169805126111112
panther,0.8605984621428571
panties,0.8938838530000001
pants,0.8077469903846153
pantsuit,0.8024771200833333
pantyhose,0.8474683425
papaya,0.7894457845833333
paper,0.7307764604285715
paper_bag,0.7602327865714286
paper_plate,0.76579882575
paper_towel,0.7798382985
paperclip,0.8371024256153846
paperweight,0.7371354180833333
parachute,0.7794772627692308
parfait,0.8297678608571429
parking_meter,0.7621634393181819
parrot,0.7914725797142858
parsley,0.7798157160769231
pasta,0.8362706273333332
pastry,0.7719544263846154
patch,0.8209170765
patty,0.8449987505384615
payphone,0.7534269289411765
pea,0.8087395185714286
peach,0.821619358357143
peacock,0.8075595005833334
peanut,0.8247722392142858
peanut_butter,0.8288933114615384
pear,0.7696817995384616
pearl,0.7945192484615385
pecan,0.7730348364999999
pedal,0.7107637488571429
pedometer,0.748972386
peeler,0.7998688085384615
peg,0.8086712062142858
pelican,0.7370041770769231
pen,0.7257566111666667
pencil,0.8093545624999999
pencil_sharpener,0.8016444430833333
pendulum,0.7977103327692308
penguin,0.7873366088333333
penholder,0.6723666537692308
penlight,0.7791740285384615
pennant,0.7602974983333334
pepper1,0.7737146245333334
pepper2,0.8256912356818181
pepper_mill,0.8047571674285715
peppermint,0.8630245015
pepperoni,0.8292318116666667
perfume,0.7344095300000001
periscope,0.7817490739999999
pesto,0.8308068747058823
pet_food,0.8134062753846154
petal,0.7951316298333334
petri_dish,0.7910801906153846
pheasant,0.7423778038095238
phone,0.7763412174615384
phone_booth,0.8120393042142856
photo_booth,0.773805101
photograph,0.7661410405
piano,0.7583633429230769
pickax,0.80669983625
pickle,0.8255376490625
pie,0.8270549838421053
piecrust,0.8329005992
pig,0.8539656498333333
pigeon,0.762712774
piggy_bank,0.8148931778235294
piglet,0.8320831099166667
pill,0.81576404775
pillbox,0.8267429048666667
pillow,0.7237279880769231
pin,0.849513385
pinball,0.805411825125
pincushion,0.79779015525
pine_needle,0.7472184348666667
pine_tree,0.7260133392
pineapple,0.7953147365
pinecone,0.7624152205833333
ping-pong_table,0.7660719632307693
pinwheel,0.78304867725
pipe1,0.8295554619285715
pipe2,0.7867486802307693
pistachio,0.8165357598333333
pita,0.8039254641666668
pitcher,0.7581539136
pitchfork,0.7894980903125
pizza,0.8399780009333334
place_mat,0.7602955554166666
plant,0.7044869695
plaster_cast,0.8465381045384616
plastic_film,0.7848045528461539
plate,0.756884670923077
platypus,0.8121584643846155
playing_card,0.8538887395833333
playpen,0.8023429738571428
pliers,0.8332091061333333
plug,0.7963240186923077
plum,0.808905443
plunger,0.8011228672307692
pocket,0.8081932034375
pocket_watch,0.7848184816875
pocketknife,0.8090530047857143
pogo_stick,0.7717539577857143
poinsettia,0.7151463724285714
poker,0.7171371180833334
polar_bear,0.8128356485
polaroid,0.7165187377692307
pole,0.7360733718461538
police_car,0.8351519820333333
polisher,0.7593751970714286
polo_shirt,0.8360027066000001
polygraph,0.7622818116
pom-pom,0.7899021089999999
pomegranate,0.8366151238333334
pony,0.8062470467692309
poodle,0.8251091201499999
pool_table,0.7872129903076923
popcorn,0.7958853462000001
poppy,0.6858006289999999
popsicle,0.8476455985833334
porcupine,0.7947790184166666
porthole,0.7721203571538461
possum,0.8297486709166666
poster,0.720174443
pot,0.6949563138125
potato,0.8559303258571429
potholder,0.7928198643571428
pothole,0.8219680772857142
potpie,0.7799080997058824
potpourri,0.7217329204615385
powder,0.7924112760769231
power_line,0.7251555348333333
praying_mantis,0.8113850380000001
pretzel,0.8369752313846154
printer,0.7265480141538462
prism,0.7546082064166667
projector,0.7645126679333334
propeller,0.7213695995714285
prune,0.8040880346153846
puck,0.7772922485833332
pudding,0.7886409814166666
puddle,0.764063668
puffin,0.8022483521515151
pug,0.852872401375
pulley,0.6925981687857143
pulpit,0.7101076495333333
pump,0.735215664
pumpkin,0.8029696994285713
punch1,0.7784589521428572
punch2,0.8066298150714285
punching_bag,0.8263322791666666
puppet,0.7819726203571429
puppy,0.8261954041428572
purse,0.7894967445000001
quad,0.7607480755
quesadilla,0.8161111547083334
quiche,0.801087155368421
quill,0.7846570773333333
quilt,0.7676316548461538
rabbit,0.8172249847857144
raccoon,0.8188888306428571
racehorse,0.7095712909166667
rack1,0.7936324098461539
rack2,0.7641595853846154
racket,0.7731748380714285
radar,0.7552557618333333
radiator,0.7904342966153847
radio,0.7403355243333334
radish,0.7975370022666667
raft,0.7939746419230769
rag,0.7445218738333333
railing,0.7769316946153846
rain_gauge,0.7117785108333333
raincoat,0.7645179099999999
raisin,0.8184348007142858
rake,0.7911366847857143
ram,0.8160949920714285
ramp,0.8039954335833334
raspberry,0.8208423807499999
rat,0.8037361520833334
ratchet,0.779475867923077
rattle,0.8041919969166668
rattlesnake,0.8522403454666667
ravioli,0.825514457117647
razor,0.8205272691666666
razor_blade,0.8045783082307693
ready_meal,0.8413940365833333
rearview_mirror,0.6884963443333333
recliner,0.76183047925
record,0.7720378280000001
record_player,0.7330505849285714
recorder,0.7597018404705882
red_carpet,0.7981052340714285
reel,0.7260128691333333
refrigerator,0.8193330865833334
reindeer,0.7325105511000001
remote_control,0.7988643916923077
retainer,0.8173635896666666
revolver,0.8568289238333334
revolving_door,0.7799701398
rhinoceros,0.8554656555833334
rhubarb,0.7880571970769231
ribbon,0.7900271003333333
rice,0.8286313621666667
rickshaw,0.7717167462142857
rifle,0.8277584363333333
rim,0.7357918671538461
ring,0.772071396
riser,0.8151506327857143
road_sign,0.7681021855625
roadsweeper,0.7561816331538461
robe,0.8191010593333333
robot,0.813734478
rock,0.7544438607692308
rocket,0.7500686046875
rocking_chair,0.7887351424615385
rocking_horse,0.770371135
roll,0.8106287655833334
roller,0.7503024138461539
roller_coaster,0.8005844956470589
rollerblade,0.7856556477692307
rollerskate,0.8199867114615385
rolling_pin,0.76658681775
roof_rack,0.7056277471666667
rooster,0.8267747877142858
root,0.8057412406923077
rope,0.77784074325
rosary,0.7862794141666667
rose,0.7510337946470589
roulette_wheel,0.7843519968125
router,0.7520168765
rubber_band,0.78288806575
ruby,0.8050328105333333
rudder,0.6991942653076924
rug,0.7947967230714286
ruler,0.7936604754615384
rust,0.725182961076923
saddle,0.7927116473076924
safety_pin,0.8037270630833334
saffron,0.8098432607142857
sail,0.68465252225
sailboat,0.6855126402666667
salad,0.7193780832941177
salami,0.8592781790714286
saltshaker,0.8148595134375
sand,0.7936224575714286
sandal,0.7751206240666666
sandbag,0.7738984157142857
sandbox,0.8131095549285714
sandcastle,0.7810525655833334
sandpaper,0.7735441451666666
sandwich,0.7874460385333334
sarcophagus,0.8068716683333333
sardine,0.7974470456666666
satellite,0.6988164105833333
satellite_dish,0.7241155185833333
sauce,0.80399714625
saucer,0.70378362775
sauerkraut,0.852633446923077
sausage,0.872813376375
saw,0.7818551267692307
sawhorse,0.7284178726666667
saxophone,0.84886677675
scaffold,0.7235362331538462
scaffolding,0.7457053358333333
scale,0.8024529943333333
scallion,0.8461591817999999
scallop,0.8334853744666667
scalpel,0.8144850146153846
scanner,0.7414924506666667
scarecrow,0.8269704617500001
scarf,0.7649147788125
school_bus,0.7960106563076923
scissors,0.7824798422142857
scone,0.7668558897857143
scoop,0.8083642921666666
scooter,0.7497670034375
scoreboard,0.7835502006153846
scorpion,0.8131667115384615
scrabble,0.8639255560833333
scrambled_egg,0.8188676840000001
scraper,0.8087281589166667
screen1,0.7298589102857144
screen2,0.7663884147142858
screw,0.8123826464285714
screwdriver,0.7980864527333333
scuba,0.7097574223076923
sea_urchin,0.7562768361851852
seafood,0.7265287017692308
seagull,0.75585495175
seahorse,0.8230134345333333
seal,0.8279179775714286
seaplane,0.7915109639285715
seatbelt,0.8084851541538461
seaweed,0.6957036189166667
seed,0.8020020226428571
seesaw,0.8165328261538461
seismograph,0.8225050115833333
sequin,0.8043349778461538
sewage,0.8323400400769232
sewing_kit,0.7591489004666666
sewing_machine,0.7951421768333334
shaker,0.7558553519166668
shark,0.8066603771176472
shaving_cream,0.8377174793333334
shawl,0.7883753022307692
shears,0.8251367330666667
sheath,0.8011883559166666
sheep,0.79239569725
sheet,0.750610731076923
shelf,0.8025139851666667
shell1,0.8114457193571428
shell2,0.77358658875
shell3,0.7851616560833333
shield,0.7663128956666667
ship,0.7279449043846155
shirt,0.7606358998333334
shoe,0.7680353495000001
shoe_polish,0.7683206445
shoehorn,0.7386354922499999
shoelace,0.8210555161538462
shopping_basket,0.8260464975
shopping_cart,0.7941107133125
shortbread,0.8134888110714286
shorts,0.8394098586428571
shoulder,0.82607910225
shovel,0.78932127775
shower,0.7819431046153846
shower_cap,0.8431142545833333
shower_curtain,0.7445394932631579
showerhead,0.7992778265625
shredder,0.7449623571428571
shrimp,0.8401247491666667
shuffleboard,0.789427668875
shutter,0.7746298939333334
sickle,0.8230403086153846
sidecar,0.7591159252499999
sifter,0.7472218772307693
silicone,0.7859769563076924
silverware,0.7899625235384615
sim_card,0.845378025
sink,0.8027955294000001
siren,0.7273078610769231
skateboard,0.7950129670714287
skeleton,0.819469392
skewer,0.8068172735833333
ski,0.7965630666153847
ski_boots,0.7871181628461539
ski_lift,0.792316096125
ski_pole,0.7169442141666668
skin,0.8139458530769231
skirt,0.8302517944000001
skull,0.8530490121538462
skunk,0.8303958605
sled,0.7440971120833333
sledgehammer,0.7569110533076924
sleeping_bag,0.81905405825
slicer,0.7262828635
slide,0.798380259375
slime,0.8650218513333333
sling,0.8412308635
slingshot,0.7546835068333334
slipper,0.80430981175
slot,0.7276751062307694
slot_machine,0.8019691270666667
sloth,0.8408879061666666
slug,0.8174688177857143
smoke_alarm,0.7915772467500001
smoothie,0.7949248272857143
snack,0.8208636456428572
snail,0.7961098435789474
snake,0.8011491043125
snorkel,0.8126027176428572
snow,0.7923102418333333
snowball,0.8311880363333333
snowboard,0.7415445665833333
snowman,0.8249722954166666
snowmobile,0.7636779214166666
snowplow,0.7777874565
snowshoe,0.7909845253846155
snowsuit,0.8149991870000001
soap,0.8130962365
soccer_ball,0.7445050588461538
sock,0.8203182676153846
soda,0.7856353239999999
soda_fountain,0.8422389599230768
sofa_bed,0.8034443250769231
solar_panel,0.8426706726153845
soldering_iron,0.7062868777142857
sombrero,0.7947897123333334
sonogram,0.8744543293846154
sorbet,0.8186552685833334
souffle,0.7889135855555556
soup,0.7378406621666667
soy_sauce,0.8076757185384615
space_shuttle,0.775368541
spacesuit,0.8348637518333334
spaghetti,0.8464959110714286
spam,0.84915605125
spareribs,0.8419606973076923
spark_plug,0.7328712508333334
sparkler,0.7709986489333333
spatula,0.7722796096923077
speaker,0.7316992987894737
spear,0.7520376055
speedboat,0.7054670190833333
speedometer,0.7524422483333333
spider,0.8217305035
spider_web,0.8383174642666666
spinach,0.8030794283076923
splinter,0.8698262065
sponge,0.8170104722142858
spool,0.7817107914285714
spoon,0.7994339682307692
spout,0.7886656183571429
spring_roll,0.8324618685625
springboard,0.7677921733846154
sprinkler,0.7531264978666667
sprouts,0.8475660989999999
spur,0.8012052519230769
squash,0.7832017477692308
squeegee,0.8151893375
squid,0.7794539413846154
squirrel,0.8132512997142857
squirt_gun,0.8565341092666667
stained_glass,0.7729344880833334
stair,0.8156806709411765
stake,0.7761538876923078
stalagmite,0.7268011257333333
stamp1,0.8207665849230769
stamp2,0.7973352175
staple,0.8109806150833334
staple_gun,0.7826371415
stapler,0.7925910876666666
star_fruit,0.7859481356923077
starfish,0.8093589926
station_wagon,0.7764565729230769
statue,0.7554367246470589
steak,0.8062635954
steamroller,0.7240885263076924
steering_wheel,0.7788181139333333
stem,0.7500292221666666
step_stool,0.8174812713333334
stereo,0.7419017116153845
stethoscope,0.7935165266666666
stew,0.7893430936666667
stick,0.7102639978461538
sticker,0.7954759663846154
stiletto,0.8582947391333333
stilt,0.8576388852142857
stingray,0.8184916091538461
stir_fry,0.7484570218
stirrup,0.7097973775
stockings,0.8547035585833332
stomach,0.88183649
stool,0.78465992375
stopwatch,0.7871119318461539
stove1,0.7646643969230769
stove2,0.7188696253846154
straightjacket,0.8033222676666667
strainer,0.7875753715
strap,0.7321298015882354
straw1,0.77560958
straw2,0.8360983620588235
strawberry,0.8119613998666666
streetlight,0.7418954323125
stretcher,0.766201542
string_cheese,0.8497753633076923
stroller,0.769735806125
stuffing,0.7959823143333334
stump,0.7891889307857143
submarine,0.7637758530714286
subway,0.8502325230769231
sugar_cube,0.84627638625
suit,0.8392468944666667
suitcase,0.8144550365000001
sundae,0.7577060524615384
sundial,0.7904552787142858
sunflower,0.741488049
sunglasses,0.7793810120666667
sunroof,0.74994285425
surfboard,0.79516107625
sushi,0.8224392738333334
suspenders,0.844448167
swab,0.8456842875625
swan,0.7723613552142857
sweater,0.8163854038
sweatsuit,0.81672257525
sweeper,0.8349707937142857
sweet_potato,0.8203779621666666
swimming_pool,0.7717103695499999
swimsuit,0.8412784031666667
swing,0.7912969669230769
swing_set,0.7495750405333333
switch,0.7714239982857143
swizzle_stick,0.7605623688461538
sword,0.7598073816428572
swordfish,0.8044236286666666
syringe,0.7911893619285715
syrup,0.7828818124166667
t-shirt,0.8066026115333333
tab,0.8427329896428571
table,0.7855637586666667
tablecloth,0.7355611120000001
tablet,0.7864178505384616
tack,0.8452661838461538
tackle,0.7901512116923077
taco,0.829663287
tadpole,0.7680521856666668
taffy,0.811476278076923
tag,0.8656836836153846
taillight,0.759325837375
tamale,0.8540308493125
tambourine,0.7710394670714286
tank1,0.7256083708235295
tank2,0.7191804363333333
tape,0.7961648380769231
tape_measure,0.8152644392857143
tape_recorder,0.7616735159166667
tapestry,0.7745942014666667
tarantula,0.8542860288125
target,0.8145796966428571
tarp,0.7866981700769231
tattoo,0.8799270375789474
taxi,0.6988007852941176
tea,0.7696953556
teabag,0.824580939857143
teacup,0.7642730003846154
teapot,0.7981165307692308
teddy_bear,0.802271753
tee,0.8088696138333334
teepee,0.7911644585
telegraph,0.6985935226923078
telephone_pole,0.7484802543333333
telescope,0.7907978654615384
television,0.7561559522142858
tennis_ball,0.7757536883529412
tent,0.8074191914375
terrarium,0.7232219
test_tube,0.8332462765882352
thermometer,0.7638215336666666
thermos,0.7768600522352941
thermostat,0.8563916426875
thimble,0.7775548706666666
thorn,0.7785381745294118
thread,0.79363756875
throne,0.8365858368333333
thumb,0.8732568528333333
thumbtack,0.8110450593999999
tiara,0.8350063780833333
tick,0.8465485079166667
ticktacktoe,0.8567254401666666
tie,0.8198371450769231
tiger,0.828087317
tile,0.7534087276666667
timer,0.7653240139166666
tinsel,0.7719869867692307
tiramisu,0.807127861625
toad,0.8029070863529412
toast,0.8467469039230769
toaster,0.7895540496428571
toaster_oven,0.7164735075714285
toe,0.8485971269999999
toga,0.85308648625
toilet,0.840218166357143
toilet_paper,0.8163409984
tomato,0.7927523848571428
tomato_sauce,0.8173055389285714
tongs,0.7873136767500001
tongue,0.8829353568333334
tool,0.8227212835
toolbox,0.7596588526923077
tooth,0.8707863075333333
toothbrush,0.8097310624166667
toothpaste,0.8841353107857143
toothpick,0.8322919154666667
top_hat,0.7755731263846154
torch,0.7805978511538462
torpedo,0.767265909846154
torso,0.89722894775
tortellini,0.811665314875
tortilla,0.8484211232307692
tostada,0.7831931086923076
totem_pole,0.7592273075
toucan,0.830393004875
touchpad,0.8122320749166666
towel,0.8110028309375
towel_rack,0.7930764322307693
toy,0.7503794955833333
tractor,0.7369236935833333
traffic_light,0.7607206110666667
trailer,0.7385232025
train,0.8022500479166667
train_car,0.7351232003076924
train_set,0.75048080825
trampoline,0.8178731763571429
trap,0.8293815901428571
trapdoor,0.7929557623076923
trashcan,0.7627599182142858
tray,0.7768333059166667
treadmill,0.766295465882353
treasure,0.7559656132307692
tree,0.6870650832499999
tree_trunk,0.7228680872500001
triangle,0.7725331937500001
tricycle,0.7581033687857143
trident,0.7956034779166666
trigger,0.7845867165833332
tripod,0.7637172787500001
trolley,0.797931743
trombone,0.8029161523571429
trophy,0.7018321567142857
trough,0.7877685157692308
trowel,0.7615502970588236
truck,0.74938186825
trumpet,0.7975258267499999
trunk,0.7600154664285714
tuba,0.7838015073333333
tube_top,0.8674381466666667
tugboat,0.7218579912499999
tulip,0.7581372558125
tumbleweed,0.7766679380769231
tuning_fork,0.7883871320769231
tupperware,0.7945678685333333
turban,0.886843544
turbine,0.761722422
turf,0.8404603558333333
turkey,0.7987575754666667
turnstile,0.7831596421538461
turntable,0.7322567643076923
turtle,0.802099814
turtleneck,0.8307736590714285
tuxedo,0.793808785375
tweezers,0.8182144796666666
twig,0.7653796890769231
typewriter,0.7532097160666666
ukulele,0.8075532672666667
umbrella,0.787068996125
undershirt,0.8429495958333333
underwear,0.845182465
unicycle,0.8028562505833333
uniform,0.7954601870625
urinal,0.8195620203076923
urn,0.7067435895714286
vacuum,0.804967666846154
valve,0.7627169379166667
van,0.7625816800714286
vase,0.7378114026
vegetable,0.7770000976666667
veil,0.80375941325
velcro,0.7838331757692308
vending_machine,0.8307697316428572
vent,0.7817787903571428
vest,0.8063469035999999
vial,0.7617513555333333
videocassette,0.83815235775
videogame,0.7593679865999999
viewfinder,0.6760122143333334
violin,0.7876147806923076
vise,0.7559011386000001
visor,0.814954923125
volleyball,0.7501237770625
vulture,0.7130890261176471
wafer,0.8522052558333333
waffle,0.8492465723888889
waffle_iron,0.8575199724999999
wagon,0.7507489200714286
walker1,0.823880761923077
walker2,0.7562324119333333
wall,0.741914129
wallet,0.8123368032142857
wallpaper,0.707484207625
walnut,0.785925233
walrus,0.8355345446428571
wand,0.779499205
warthog,0.7805003675333334
washboard,0.7746989876923076
washcloth,0.7969019855833332
washing_machine,0.80074550525
wasp,0.7757805183333333
watch,0.7572268380666666
water_bottle,0.7771391005833334
water_cooler,0.7799394396666667
water_filter,0.74668443725
water_fountain,0.735160182
water_heater,0.8321766464285715
watering_can,0.7706155739285715
watermelon,0.8426775137692307
waterwheel,0.7629456377692307
wax,0.7724793145833333
wax_paper,0.736224251076923
weasel,0.77975410775
weather_vane,0.7657528873181818
webcam,0.7264553243076922
wedding_cake,0.7834663237142857
wedge,0.7546146773333334
weed,0.6630476325714286
wetsuit,0.8323071993076923
whale,0.7894415566666667
wheat,0.78076494975
wheel,0.7665092841666666
wheelbarrow,0.7712350079166667
wheelchair,0.7764102848333333
whip,0.7814729047142858
whipped_cream,0.7902651644615385
whisk,0.8276551209166666
whistle,0.782619288
whiteboard,0.7637044650666667
whoopee_cushion,0.8461413648461539
wick,0.7482588105833333
wig,0.8858876569999999
wind_chimes,0.7617800645833334
window,0.6848244885714285
windowsill,0.7225151293076923
windshield,0.6494356280666668
windshield_wiper,0.7458873720769231
windsock,0.8205021650000001
wine,0.7990422414615386
wine_bottle,0.7672961171333335
wine_cooler,0.7353920109230769
wineglass,0.7661095286153846
wing,0.8286022194666667
wire,0.7970916793076923
wire_cutters,0.7608429537692308
wok,0.7608481060000001
wolf,0.8379997737692307
woman,0.8551180504166668
wood,0.8016690915714285
wooden_leg,0.82025348525
workbench,0.6920670525
worm,0.85765100825
wrap,0.828481634
wrapping_paper,0.7804281674166668
wreath,0.7433390075714286
wreck,0.7213864777692307
wrench,0.8316944743333333
wrist,0.8023620779999999
xylophone,0.7992990325833333
yacht,0.7078021197500001
yak,0.7610259036
yarn,0.8392366698666667
yo-yo,0.8031291448571428
yogurt,0.7658811532307693
yoke,0.7226549089166667
yolk,0.8431581178333334
zebra,0.80016291735
zipper,0.7974675869166666
zucchini,0.8232370288461539
